id,state,year,incomePerCapita,taxPaidToOwnState,taxPaidToOtherState,burdenRate
1,Alabama,1977,5847.40,356.20,184.40,0.0925
1,Alabama,1978,6440.45,385.55,200.08,0.0909
1,Alabama,1979,7168.18,425.67,210.09,0.0887
1,Alabama,1980,7753.21,453.61,224.68,0.0875
1,Alabama,1981,8570.93,507.39,248.74,0.0882
1,Alabama,1982,9131.25,536.94,270.35,0.0884
1,Alabama,1983,9489.98,564.29,280.79,0.0891
1,Alabama,1984,10400.91,618.48,309.33,0.0892
1,Alabama,1985,11327.49,694.27,336.36,0.0910
1,Alabama,1986,12084.51,742.54,354.80,0.0908
1,Alabama,1987,12700.61,798.90,373.47,0.0923
1,Alabama,1988,13545.85,842.84,399.38,0.0917
1,Alabama,1989,14665.04,910.97,426.72,0.0912
1,Alabama,1990,15447.47,969.21,446.51,0.0916
1,Alabama,1991,16120.72,1004.82,465.17,0.0912
1,Alabama,1992,16897.04,1053.71,494.30,0.0916
1,Alabama,1993,17686.39,1142.57,518.79,0.0939
1,Alabama,1994,18323.61,1171.94,533.09,0.0931
1,Alabama,1995,19467.42,1247.09,558.67,0.0928
1,Alabama,1996,20342.23,1303.32,561.79,0.0917
1,Alabama,1997,21375.28,1352.11,581.14,0.0904
1,Alabama,1998,22784.91,1401.82,604.61,0.0881
1,Alabama,1999,24210.74,1471.65,633.33,0.0869
1,Alabama,2000,25250.56,1547.06,652.21,0.0871
1,Alabama,2001,25849.83,1643.32,670.52,0.0895
1,Alabama,2002,25838.29,1615.77,680.01,0.0889
1,Alabama,2003,26478.60,1604.17,722.13,0.0879
1,Alabama,2004,28215.76,1678.73,775.90,0.0870
1,Alabama,2005,30627.99,1782.15,917.61,0.0881
1,Alabama,2006,32461.22,1902.93,996.90,0.0893
1,Alabama,2007,33703.06,2041.09,1000.99,0.0903
1,Alabama,2008,34078.70,2100.79,1031.39,0.0919
1,Alabama,2009,32549.66,2018.47,947.82,0.0911
1,Alabama,2010,32338.57,1999.28,911.30,0.0900
1,Alabama,2011,33963.05,2071.10,938.07,0.0886
1,Alabama,2012,35336.66,2141.95,925.09,0.0868
2,Alaska,1977,12935.34,1111.11,393.23,0.1163
2,Alaska,1978,12372.05,855.18,387.52,0.1004
2,Alaska,1979,12968.03,812.14,387.05,0.0925
2,Alaska,1980,14101.60,771.94,407.17,0.0836
2,Alaska,1981,15915.91,559.45,445.36,0.0631
2,Alaska,1982,17758.14,576.66,499.10,0.0606
2,Alaska,1983,18976.16,571.96,533.24,0.0582
2,Alaska,1984,19099.01,607.51,556.21,0.0609
2,Alaska,1985,19586.77,663.10,567.62,0.0628
2,Alaska,1986,20036.22,607.49,566.46,0.0586
2,Alaska,1987,19579.90,647.87,549.42,0.0611
2,Alaska,1988,19581.55,666.05,545.10,0.0619
2,Alaska,1989,21024.66,696.57,571.24,0.0603
2,Alaska,1990,22633.91,725.43,611.82,0.0591
2,Alaska,1991,23278.90,757.63,631.08,0.0597
2,Alaska,1992,23522.40,739.82,647.11,0.0590
2,Alaska,1993,24184.57,736.26,670.55,0.0582
2,Alaska,1994,24971.25,739.19,689.04,0.0572
2,Alaska,1995,25831.80,782.43,697.50,0.0573
2,Alaska,1996,26505.39,787.68,685.76,0.0556
2,Alaska,1997,27769.57,776.99,703.70,0.0533
2,Alaska,1998,29402.86,826.16,715.41,0.0524
2,Alaska,1999,30457.54,845.48,704.12,0.0509
2,Alaska,2000,31969.75,869.84,722.96,0.0498
2,Alaska,2001,33061.94,860.03,754.86,0.0488
2,Alaska,2002,33208.33,899.65,760.06,0.0500
2,Alaska,2003,34044.27,904.03,823.25,0.0507
2,Alaska,2004,35491.76,1053.33,856.77,0.0538
2,Alaska,2005,37546.48,1165.21,1007.93,0.0579
2,Alaska,2006,39978.40,1170.76,1126.31,0.0575
2,Alaska,2007,42586.81,1522.70,1140.20,0.0625
2,Alaska,2008,44800.57,1714.12,1192.73,0.0649
2,Alaska,2009,44961.23,1971.81,1161.38,0.0697
2,Alaska,2010,44824.04,1999.21,1163.97,0.0706
2,Alaska,2011,47161.12,1995.84,1233.99,0.0685
2,Alaska,2012,49779.58,1986.21,1242.48,0.0649
4,Arizona,1977,6849.04,489.05,243.24,0.1069
4,Arizona,1978,7593.17,529.30,265.45,0.1047
4,Arizona,1979,8676.46,588.51,284.73,0.1006
4,Arizona,1980,9616.05,619.98,307.92,0.0965
4,Arizona,1981,10611.40,620.31,337.40,0.0903
4,Arizona,1982,11298.81,648.75,362.33,0.0895
4,Arizona,1983,11510.06,690.83,366.60,0.0919
4,Arizona,1984,12788.90,815.98,408.94,0.0958
4,Arizona,1985,13947.15,927.01,442.77,0.0982
4,Arizona,1986,14940.45,1003.78,466.94,0.0984
4,Arizona,1987,15738.82,1070.34,492.46,0.0993
4,Arizona,1988,16403.01,1125.28,507.84,0.0996
4,Arizona,1989,17213.06,1200.86,520.45,0.1000
4,Arizona,1990,17561.74,1280.66,527.95,0.1030
4,Arizona,1991,17949.29,1336.64,535.45,0.1043
4,Arizona,1992,18263.65,1330.48,549.18,0.1029
4,Arizona,1993,18890.64,1386.11,565.81,0.1033
4,Arizona,1994,19731.76,1431.33,587.72,0.1023
4,Arizona,1995,20912.60,1500.43,604.60,0.1007
4,Arizona,1996,22153.86,1526.41,610.70,0.0965
4,Arizona,1997,23514.29,1510.53,640.87,0.0915
4,Arizona,1998,25292.39,1566.79,669.68,0.0884
4,Arizona,1999,27056.01,1687.31,685.86,0.0877
4,Arizona,2000,28545.69,1789.48,707.54,0.0875
4,Arizona,2001,29167.84,1818.92,722.26,0.0871
4,Arizona,2002,28612.56,1861.41,734.02,0.0907
4,Arizona,2003,29036.03,1902.45,793.53,0.0928
4,Arizona,2004,31036.69,1961.94,839.53,0.0903
4,Arizona,2005,34357.79,2085.46,1036.77,0.0909
4,Arizona,2006,37484.91,2170.89,1174.50,0.0892
4,Arizona,2007,39118.49,2560.78,1163.72,0.0952
4,Arizona,2008,38071.05,2402.29,1148.83,0.0933
4,Arizona,2009,34866.80,2158.20,991.55,0.0903
4,Arizona,2010,33816.11,2116.50,925.66,0.0900
4,Arizona,2011,35295.59,2181.75,976.20,0.0895
4,Arizona,2012,37011.65,2283.47,992.05,0.0885
5,Arkansas,1977,5626.06,302.04,181.12,0.0859
5,Arkansas,1978,6292.03,339.87,199.59,0.0857
5,Arkansas,1979,7029.80,361.56,209.43,0.0812
5,Arkansas,1980,7418.37,424.31,219.58,0.0868
5,Arkansas,1981,8258.04,430.93,245.33,0.0819
5,Arkansas,1982,8807.24,458.62,266.87,0.0824
5,Arkansas,1983,9117.32,498.80,279.44,0.0854
5,Arkansas,1984,9965.68,568.13,305.11,0.0876
5,Arkansas,1985,10864.01,639.44,331.63,0.0894
5,Arkansas,1986,11479.87,685.75,347.18,0.0900
5,Arkansas,1987,12003.71,713.95,359.63,0.0894
5,Arkansas,1988,12657.46,763.10,375.41,0.0899
5,Arkansas,1989,13537.46,836.35,393.58,0.0909
5,Arkansas,1990,14157.41,866.00,406.65,0.0899
5,Arkansas,1991,14709.32,914.27,423.94,0.0910
5,Arkansas,1992,15660.11,1052.23,449.49,0.0959
5,Arkansas,1993,16484.61,1092.39,475.77,0.0951
5,Arkansas,1994,17212.04,1160.21,491.16,0.0959
5,Arkansas,1995,18118.00,1230.08,507.58,0.0959
5,Arkansas,1996,19035.10,1334.72,508.91,0.0969
5,Arkansas,1997,19935.51,1374.40,527.07,0.0954
5,Arkansas,1998,21179.06,1440.24,546.22,0.0938
5,Arkansas,1999,22342.08,1504.20,554.65,0.0922
5,Arkansas,2000,23174.53,1571.49,565.57,0.0922
5,Arkansas,2001,23868.16,1631.59,588.03,0.0930
5,Arkansas,2002,23908.23,1711.88,596.20,0.0965
5,Arkansas,2003,24631.68,1703.77,643.29,0.0953
5,Arkansas,2004,26436.93,1847.93,671.63,0.0953
5,Arkansas,2005,28314.37,2045.00,782.78,0.0999
5,Arkansas,2006,29806.51,2212.28,865.58,0.1033
5,Arkansas,2007,31099.95,2345.28,884.35,0.1038
5,Arkansas,2008,32235.77,2377.48,947.67,0.1032
5,Arkansas,2009,31057.57,2358.70,905.03,0.1051
5,Arkansas,2010,30595.64,2367.90,879.56,0.1061
5,Arkansas,2011,32475.73,2456.48,934.43,0.1044
5,Arkansas,2012,34862.10,2552.18,966.83,0.1009
6,California,1977,8791.98,822.99,247.79,0.1218
6,California,1978,9695.13,933.43,267.38,0.1239
6,California,1979,10647.15,818.01,291.39,0.1042
6,California,1980,11770.02,951.93,316.08,0.1077
6,California,1981,13072.14,992.28,347.10,0.1025
6,California,1982,13853.86,1065.91,373.04,0.1039
6,California,1983,14271.67,1086.03,382.09,0.1029
6,California,1984,15548.13,1215.19,419.43,0.1051
6,California,1985,16829.43,1340.90,450.91,0.1065
6,California,1986,17866.33,1404.13,470.26,0.1049
6,California,1987,18937.84,1549.17,494.43,0.1079
6,California,1988,19972.80,1573.10,515.96,0.1046
6,California,1989,21162.76,1705.80,539.73,0.1061
6,California,1990,21905.66,1825.65,548.93,0.1084
6,California,1991,22426.39,1872.01,558.91,0.1084
6,California,1992,22796.08,1954.39,569.06,0.1107
6,California,1993,23304.20,1976.73,580.98,0.1098
6,California,1994,23701.12,1979.48,586.91,0.1083
6,California,1995,24741.34,2101.34,596.92,0.1091
6,California,1996,26208.77,2229.56,606.16,0.1082
6,California,1997,27978.24,2325.33,638.76,0.1059
6,California,1998,30239.07,2522.24,672.52,0.1057
6,California,1999,32713.18,2656.24,712.07,0.1030
6,California,2000,35984.29,3007.15,773.85,0.1051
6,California,2001,37018.66,3206.51,791.73,0.1080
6,California,2002,35125.52,2910.79,749.92,0.1042
6,California,2003,35711.74,2929.60,788.97,0.1041
6,California,2004,38214.37,3158.55,847.96,0.1048
6,California,2005,41214.78,3306.39,1024.67,0.1051
6,California,2006,44275.56,3635.82,1155.86,0.1082
6,California,2007,46572.42,4078.33,1171.86,0.1127
6,California,2008,46254.27,4184.40,1167.68,0.1157
6,California,2009,42973.67,3865.95,1040.35,0.1142
6,California,2010,42275.63,3971.41,992.80,0.1174
6,California,2011,44964.08,4126.71,1054.90,0.1152
6,California,2012,47807.79,4126.38,1110.81,0.1095
8,Colorado,1977,7708.65,558.08,258.45,0.1059
8,Colorado,1978,8583.45,599.16,281.56,0.1026
8,Colorado,1979,9641.86,668.41,297.28,0.1002
8,Colorado,1980,10696.28,688.71,322.95,0.0946
8,Colorado,1981,12004.51,680.83,359.68,0.0867
8,Colorado,1982,13152.57,788.22,396.59,0.0901
8,Colorado,1983,13554.28,840.61,409.35,0.0922
8,Colorado,1984,14622.80,967.63,444.80,0.0966
8,Colorado,1985,15649.35,1058.26,473.95,0.0979
8,Colorado,1986,16296.94,1076.30,488.81,0.0960
8,Colorado,1987,16852.19,1174.53,505.06,0.0997
8,Colorado,1988,17626.05,1227.85,526.67,0.0995
8,Colorado,1989,18956.93,1316.87,558.17,0.0989
8,Colorado,1990,19894.66,1412.69,582.65,0.1003
8,Colorado,1991,20668.21,1461.85,604.71,0.1000
8,Colorado,1992,21540.91,1528.78,638.70,0.1006
8,Colorado,1993,22631.77,1570.14,671.70,0.0991
8,Colorado,1994,23820.29,1665.63,699.16,0.0993
8,Colorado,1995,25213.97,1724.30,726.98,0.0972
8,Colorado,1996,26810.92,1781.74,737.82,0.0940
8,Colorado,1997,28701.32,1903.81,774.81,0.0933
8,Colorado,1998,31158.98,2012.00,818.22,0.0908
8,Colorado,1999,34082.84,2171.80,858.35,0.0889
8,Colorado,2000,36933.34,2309.83,919.14,0.0874
8,Colorado,2001,38563.82,2418.03,962.31,0.0877
8,Colorado,2002,36806.36,2339.09,939.76,0.0891
8,Colorado,2003,36617.81,2301.04,979.87,0.0896
8,Colorado,2004,38306.94,2396.03,1017.89,0.0891
8,Colorado,2005,41177.00,2475.34,1225.81,0.0899
8,Colorado,2006,44403.23,2639.97,1379.87,0.0905
8,Colorado,2007,46644.10,2830.34,1399.43,0.0907
8,Colorado,2008,47046.10,2883.69,1425.75,0.0916
8,Colorado,2009,44173.34,2776.18,1279.46,0.0918
8,Colorado,2010,43054.69,2787.87,1207.05,0.0928
8,Colorado,2011,45471.43,2812.57,1285.70,0.0901
8,Colorado,2012,48313.50,2967.52,1336.18,0.0891
9,Connecticut,1977,9108.27,646.84,366.10,0.1112
9,Connecticut,1978,10027.32,690.44,391.19,0.1079
9,Connecticut,1979,11222.03,740.93,415.24,0.1030
9,Connecticut,1980,12522.19,777.46,459.39,0.0988
9,Connecticut,1981,14198.44,869.55,520.23,0.0979
9,Connecticut,1982,15343.80,944.31,564.73,0.0983
9,Connecticut,1983,16135.21,1020.76,591.68,0.0999
9,Connecticut,1984,17659.99,1178.78,653.68,0.1038
9,Connecticut,1985,19441.39,1291.65,718.70,0.1034
9,Connecticut,1986,20784.71,1352.15,761.62,0.1017
9,Connecticut,1987,22667.22,1550.47,828.65,0.1050
9,Connecticut,1988,24580.67,1621.25,891.30,0.1022
9,Connecticut,1989,26579.58,1755.01,949.08,0.1017
9,Connecticut,1990,27421.22,1944.79,976.39,0.1065
9,Connecticut,1991,27517.95,1982.03,971.59,0.1073
9,Connecticut,1992,28404.96,2388.22,1016.86,0.1199
9,Connecticut,1993,29977.87,2561.20,1074.36,0.1213
9,Connecticut,1994,31068.84,2657.98,1096.74,0.1209
9,Connecticut,1995,32426.23,2859.82,1117.88,0.1227
9,Connecticut,1996,34408.38,2976.81,1134.54,0.1195
9,Connecticut,1997,37220.09,3276.63,1218.96,0.1208
9,Connecticut,1998,40404.34,3447.57,1307.65,0.1177
9,Connecticut,1999,43122.07,3527.21,1364.43,0.1134
9,Connecticut,2000,46506.51,3694.82,1473.54,0.1111
9,Connecticut,2001,47965.87,3685.81,1566.03,0.1095
9,Connecticut,2002,45887.72,3581.57,1513.88,0.1110
9,Connecticut,2003,45603.05,3691.99,1539.51,0.1147
9,Connecticut,2004,48681.94,3994.24,1677.99,0.1165
9,Connecticut,2005,52913.15,4195.40,2004.94,0.1172
9,Connecticut,2006,56773.54,4368.72,2239.13,0.1164
9,Connecticut,2007,61055.66,4734.65,2371.17,0.1164
9,Connecticut,2008,61101.18,5000.85,2453.52,0.1220
9,Connecticut,2009,56174.53,4870.19,2147.92,0.1249
9,Connecticut,2010,56289.53,4968.13,2133.96,0.1262
9,Connecticut,2011,59511.24,4965.31,2286.76,0.1219
9,Connecticut,2012,62374.15,5515.62,2353.76,0.1262
10,Delaware,1977,8003.89,493.96,302.65,0.0995
10,Delaware,1978,8692.71,556.78,322.02,0.1011
10,Delaware,1979,9491.48,606.24,335.10,0.0992
10,Delaware,1980,10484.65,648.19,365.74,0.0967
10,Delaware,1981,11781.92,706.27,409.35,0.0947
10,Delaware,1982,12623.79,760.60,443.91,0.0954
10,Delaware,1983,13245.72,823.58,466.99,0.0974
10,Delaware,1984,14254.85,881.12,512.96,0.0978
10,Delaware,1985,15616.53,930.10,563.28,0.0956
10,Delaware,1986,16616.88,959.72,589.77,0.0932
10,Delaware,1987,17664.99,1031.50,623.42,0.0937
10,Delaware,1988,18770.15,1020.55,660.09,0.0895
10,Delaware,1989,20507.76,1118.50,709.28,0.0891
10,Delaware,1990,21463.08,1162.17,742.23,0.0887
10,Delaware,1991,22000.85,1183.12,759.58,0.0883
10,Delaware,1992,22779.20,1290.46,812.62,0.0923
10,Delaware,1993,23317.87,1317.29,836.24,0.0924
10,Delaware,1994,23984.04,1366.92,845.75,0.0923
10,Delaware,1995,24925.05,1478.80,862.52,0.0939
10,Delaware,1996,26201.68,1542.42,906.28,0.0935
10,Delaware,1997,27795.78,1634.57,976.44,0.0939
10,Delaware,1998,29544.56,1759.56,1011.24,0.0938
10,Delaware,1999,31743.20,1767.51,1056.29,0.0890
10,Delaware,2000,33639.84,1792.95,1072.74,0.0852
10,Delaware,2001,34520.78,1771.17,1069.68,0.0823
10,Delaware,2002,34957.17,1779.59,1082.00,0.0819
10,Delaware,2003,35553.94,1977.67,1136.74,0.0876
10,Delaware,2004,37779.25,2168.32,1221.17,0.0897
10,Delaware,2005,40298.61,2173.45,1575.40,0.0930
10,Delaware,2006,42431.16,2243.68,1849.79,0.0965
10,Delaware,2007,43359.62,2417.70,1881.64,0.0992
10,Delaware,2008,42716.02,2411.26,1928.95,0.1016
10,Delaware,2009,40505.55,2128.71,1692.85,0.0943
10,Delaware,2010,40095.96,2181.09,1625.48,0.0949
10,Delaware,2011,41848.60,2329.06,1746.66,0.0974
10,Delaware,2012,43437.33,2610.01,1802.16,0.1016
11,District of Columbia,1977,8593.20,676.50,381.45,0.1231
11,District of Columbia,1978,9377.32,783.49,410.93,0.1274
11,District of Columbia,1979,9946.14,829.85,424.21,0.1261
11,District of Columbia,1980,10472.26,922.16,443.86,0.1304
11,District of Columbia,1981,11638.92,1105.72,476.88,0.1360
11,District of Columbia,1982,12265.14,1186.18,496.24,0.1372
11,District of Columbia,1983,12958.02,1126.64,516.31,0.1268
11,District of Columbia,1984,14228.39,1250.27,558.70,0.1271
11,District of Columbia,1985,15611.84,1327.63,611.97,0.1242
11,District of Columbia,1986,16823.99,1410.20,643.44,0.1221
11,District of Columbia,1987,17907.19,1516.01,685.15,0.1229
11,District of Columbia,1988,19456.67,1706.80,730.87,0.1253
11,District of Columbia,1989,21477.61,1828.79,805.14,0.1226
11,District of Columbia,1990,22379.77,1946.41,837.06,0.1244
11,District of Columbia,1991,23640.01,2039.04,864.87,0.1228
11,District of Columbia,1992,24524.95,2083.60,922.58,0.1226
11,District of Columbia,1993,25845.96,2132.58,981.09,0.1205
11,District of Columbia,1994,27048.92,2233.77,1015.03,0.1201
11,District of Columbia,1995,28053.46,2254.01,1030.92,0.1171
11,District of Columbia,1996,29075.55,2443.04,1004.00,0.1186
11,District of Columbia,1997,31812.52,2705.24,1080.23,0.1190
11,District of Columbia,1998,34577.86,2982.64,1155.67,0.1197
11,District of Columbia,1999,36247.38,3084.52,1170.36,0.1174
11,District of Columbia,2000,40185.49,3313.50,1260.80,0.1138
11,District of Columbia,2001,42796.43,3368.06,1346.35,0.1102
11,District of Columbia,2002,41397.46,3309.30,1326.77,0.1120
11,District of Columbia,2003,42473.85,3286.97,1417.86,0.1108
11,District of Columbia,2004,46836.18,3837.67,1547.16,0.1150
11,District of Columbia,2005,52408.10,4290.56,1903.08,0.1182
11,District of Columbia,2006,57429.61,4388.88,2182.46,0.1144
11,District of Columbia,2007,62137.25,4727.62,2277.25,0.1127
11,District of Columbia,2008,64734.55,5001.86,2376.82,0.1140
11,District of Columbia,2009,62670.28,3818.24,2193.80,0.0959
11,District of Columbia,2010,62178.26,3892.61,2110.84,0.0966
11,District of Columbia,2011,65929.98,4521.35,2253.65,0.1028
11,District of Columbia,2012,70836.83,5230.92,2309.81,0.1065
12,Florida,1977,7206.69,401.20,269.53,0.0931
12,Florida,1978,8036.50,435.42,292.13,0.0905
12,Florida,1979,9029.55,473.60,308.22,0.0866
12,Florida,1980,10023.02,492.67,333.17,0.0824
12,Florida,1981,11419.48,529.80,370.96,0.0789
12,Florida,1982,12195.28,576.84,395.98,0.0798
12,Florida,1983,12761.86,634.08,405.09,0.0814
12,Florida,1984,13942.03,709.97,448.62,0.0831
12,Florida,1985,15134.94,791.24,480.67,0.0840
12,Florida,1986,16327.85,862.48,512.98,0.0842
12,Florida,1987,17282.14,925.93,542.53,0.0850
12,Florida,1988,18380.58,1041.80,569.11,0.0876
12,Florida,1989,19796.11,1115.26,603.61,0.0868
12,Florida,1990,20565.57,1192.78,624.83,0.0884
12,Florida,1991,20741.55,1256.64,626.69,0.0908
12,Florida,1992,21099.73,1316.49,647.02,0.0931
12,Florida,1993,22017.86,1410.17,677.35,0.0948
12,Florida,1994,22740.80,1507.75,689.65,0.0966
12,Florida,1995,23830.43,1575.79,706.15,0.0958
12,Florida,1996,25315.13,1643.67,711.68,0.0930
12,Florida,1997,26890.26,1714.57,746.18,0.0915
12,Florida,1998,28895.23,1786.58,783.72,0.0890
12,Florida,1999,30677.16,1856.62,801.02,0.0866
12,Florida,2000,32266.83,1907.79,825.20,0.0847
12,Florida,2001,32820.62,1906.75,849.96,0.0840
12,Florida,2002,32035.20,1966.25,854.16,0.0880
12,Florida,2003,32565.22,2057.24,899.04,0.0908
12,Florida,2004,35327.48,2189.27,965.33,0.0893
12,Florida,2005,39583.95,2241.26,1203.06,0.0870
12,Florida,2006,42977.40,2389.52,1349.81,0.0870
12,Florida,2007,44642.82,2736.28,1345.33,0.0914
12,Florida,2008,43385.88,2774.23,1341.18,0.0949
12,Florida,2009,38956.79,2638.18,1176.11,0.0979
12,Florida,2010,37800.86,2561.29,1138.06,0.0979
12,Florida,2011,39922.46,2441.12,1240.55,0.0922
12,Florida,2012,41848.49,2498.79,1239.64,0.0893
13,Georgia,1977,6306.13,411.38,196.68,0.0964
13,Georgia,1978,6985.20,450.11,214.18,0.0951
13,Georgia,1979,7753.56,498.49,224.34,0.0932
13,Georgia,1980,8402.64,543.27,239.96,0.0932
13,Georgia,1981,9332.33,594.95,265.78,0.0922
13,Georgia,1982,10054.28,646.18,291.82,0.0933
13,Georgia,1983,10616.69,696.20,309.65,0.0947
13,Georgia,1984,11803.00,766.93,347.51,0.0944
13,Georgia,1985,12951.52,845.08,379.97,0.0946
13,Georgia,1986,13969.52,924.76,404.59,0.0952
13,Georgia,1987,14876.90,987.61,432.04,0.0954
13,Georgia,1988,15873.30,1075.43,460.72,0.0968
13,Georgia,1989,16969.08,1174.89,485.88,0.0979
13,Georgia,1990,17736.69,1290.38,499.76,0.1009
13,Georgia,1991,18203.45,1300.86,513.50,0.0997
13,Georgia,1992,18841.39,1330.20,538.77,0.0992
13,Georgia,1993,19781.12,1436.34,566.62,0.1013
13,Georgia,1994,20717.74,1526.88,585.95,0.1020
13,Georgia,1995,21994.27,1592.31,610.23,0.1001
13,Georgia,1996,23400.28,1684.14,618.67,0.0984
13,Georgia,1997,24841.16,1737.83,646.45,0.0960
13,Georgia,1998,26566.85,1822.22,673.11,0.0939
13,Georgia,1999,28717.46,1935.16,695.60,0.0916
13,Georgia,2000,30256.97,2066.04,720.46,0.0921
13,Georgia,2001,30990.63,2149.55,742.90,0.0933
13,Georgia,2002,30576.01,2080.61,739.04,0.0922
13,Georgia,2003,30823.47,2044.32,781.34,0.0917
13,Georgia,2004,32225.86,2179.55,810.77,0.0928
13,Georgia,2005,34457.97,2279.72,959.60,0.0940
13,Georgia,2006,36738.69,2479.38,1069.05,0.0966
13,Georgia,2007,37991.16,2576.54,1076.62,0.0962
13,Georgia,2008,37524.99,2609.46,1075.74,0.0982
13,Georgia,2009,35167.79,2409.45,968.05,0.0960
13,Georgia,2010,34284.22,2281.63,916.62,0.0933
13,Georgia,2011,35775.84,2308.71,969.83,0.0916
13,Georgia,2012,37477.52,2445.99,980.37,0.0914
15,Hawaii,1977,8550.01,609.43,296.35,0.1059
15,Hawaii,1978,9091.68,652.99,312.64,0.1062
15,Hawaii,1979,10115.15,732.03,328.12,0.1048
15,Hawaii,1980,11167.01,811.28,350.16,0.1040
15,Hawaii,1981,12475.05,869.55,380.17,0.1002
15,Hawaii,1982,12720.11,844.45,389.34,0.0970
15,Hawaii,1983,13532.55,925.10,406.72,0.0984
15,Hawaii,1984,14505.11,984.85,447.57,0.0988
15,Hawaii,1985,15444.17,1054.65,473.01,0.0989
15,Hawaii,1986,16448.49,1142.65,495.48,0.0996
15,Hawaii,1987,17493.99,1265.45,523.82,0.1023
15,Hawaii,1988,18850.69,1504.89,552.56,0.1091
15,Hawaii,1989,20767.45,1630.14,595.27,0.1072
15,Hawaii,1990,22618.68,1678.74,637.27,0.1024
15,Hawaii,1991,23663.33,1886.31,663.38,0.1077
15,Hawaii,1992,24269.98,1956.23,683.98,0.1088
15,Hawaii,1993,25166.63,1993.06,710.25,0.1074
15,Hawaii,1994,25426.96,2147.28,703.87,0.1121
15,Hawaii,1995,25900.48,2065.61,697.41,0.1067
15,Hawaii,1996,26205.84,2201.23,663.34,0.1093
15,Hawaii,1997,26863.32,2201.83,660.65,0.1066
15,Hawaii,1998,27862.24,2258.57,665.47,0.1049
15,Hawaii,1999,28674.24,2227.73,665.30,0.1009
15,Hawaii,2000,30553.21,2295.65,700.89,0.0981
15,Hawaii,2001,31118.41,2391.69,721.42,0.1000
15,Hawaii,2002,30818.12,2357.02,732.02,0.1002
15,Hawaii,2003,31931.54,2415.17,784.76,0.1002
15,Hawaii,2004,34209.29,2546.32,829.88,0.0987
15,Hawaii,2005,37579.15,2700.06,1014.21,0.0988
15,Hawaii,2006,40406.59,3043.30,1143.34,0.1036
15,Hawaii,2007,42479.29,3272.04,1157.81,0.1043
15,Hawaii,2008,43035.42,3312.15,1195.02,0.1047
15,Hawaii,2009,41546.25,3142.98,1116.20,0.1025
15,Hawaii,2010,41344.33,3294.89,1091.76,0.1061
15,Hawaii,2011,42970.19,3136.81,1094.51,0.0985
15,Hawaii,2012,44920.02,3480.16,1095.84,0.1019
16,Idaho,1977,6670.57,474.29,237.54,0.1067
16,Idaho,1978,7294.56,524.48,258.15,0.1073
16,Idaho,1979,8027.73,565.02,269.63,0.1040
16,Idaho,1980,8606.77,569.27,284.84,0.0992
16,Idaho,1981,9574.17,597.45,310.54,0.0948
16,Idaho,1982,9875.89,649.10,326.34,0.0988
16,Idaho,1983,10313.22,693.42,341.41,0.1003
16,Idaho,1984,10915.21,759.21,369.61,0.1034
16,Idaho,1985,11720.40,798.61,397.24,0.1020
16,Idaho,1986,12109.35,818.48,406.91,0.1012
16,Idaho,1987,12655.10,904.42,425.76,0.1051
16,Idaho,1988,13609.80,969.65,451.39,0.1044
16,Idaho,1989,14933.47,1097.30,482.35,0.1058
16,Idaho,1990,16077.61,1191.77,514.79,0.1061
16,Idaho,1991,16688.19,1252.97,535.41,0.1072
16,Idaho,1992,17496.86,1397.83,572.23,0.1126
16,Idaho,1993,18580.22,1403.65,609.23,0.1083
16,Idaho,1994,19512.71,1497.12,632.39,0.1091
16,Idaho,1995,20445.18,1535.36,652.47,0.1070
16,Idaho,1996,21532.00,1581.54,659.38,0.1041
16,Idaho,1997,22271.11,1664.56,672.38,0.1049
16,Idaho,1998,23544.50,1735.50,690.20,0.1030
16,Idaho,1999,25087.14,1830.89,711.31,0.1013
16,Idaho,2000,26673.05,1944.42,746.79,0.1009
16,Idaho,2001,27397.52,2061.88,768.19,0.1033
16,Idaho,2002,26853.15,1903.34,764.38,0.0993
16,Idaho,2003,27548.40,1931.94,820.73,0.0999
16,Idaho,2004,29429.28,2066.92,877.49,0.1001
16,Idaho,2005,31811.77,2091.35,1046.37,0.0986
16,Idaho,2006,34292.83,2187.04,1178.48,0.0981
16,Idaho,2007,35904.13,2348.03,1194.91,0.0987
16,Idaho,2008,35197.87,2405.84,1180.59,0.1019
16,Idaho,2009,32530.50,2225.06,1046.88,0.1006
16,Idaho,2010,32043.53,2135.94,994.04,0.0977
16,Idaho,2011,33591.09,2184.76,1040.82,0.0960
16,Idaho,2012,35495.64,2255.14,1063.04,0.0935
17,Illinois,1977,8458.67,635.59,257.34,0.1056
17,Illinois,1978,9278.35,682.96,277.22,0.1035
17,Illinois,1979,10194.83,734.33,287.43,0.1002
17,Illinois,1980,11057.67,798.12,306.23,0.0999
17,Illinois,1981,12049.95,855.20,334.43,0.0987
17,Illinois,1982,12917.97,884.61,369.79,0.0971
17,Illinois,1983,13356.93,937.07,385.85,0.0990
17,Illinois,1984,14460.08,1072.36,423.45,0.1034
17,Illinois,1985,15687.73,1121.20,457.77,0.1006
17,Illinois,1986,16620.04,1178.46,478.50,0.0997
17,Illinois,1987,17627.42,1257.65,509.48,0.1002
17,Illinois,1988,18916.47,1372.16,538.16,0.1010
17,Illinois,1989,20355.41,1436.28,566.67,0.0984
17,Illinois,1990,21268.03,1591.31,580.07,0.1021
17,Illinois,1991,21859.13,1624.81,598.60,0.1017
17,Illinois,1992,22553.83,1671.20,633.00,0.1022
17,Illinois,1993,23668.85,1759.38,663.84,0.1024
17,Illinois,1994,24589.32,1855.36,678.37,0.1030
17,Illinois,1995,25986.70,1948.97,703.79,0.1021
17,Illinois,1996,27550.79,2026.86,718.74,0.0997
17,Illinois,1997,29372.24,2086.18,755.27,0.0967
17,Illinois,1998,31406.62,2174.53,787.55,0.0943
17,Illinois,1999,33307.30,2302.35,807.87,0.0934
17,Illinois,2000,35222.06,2422.60,845.54,0.0928
17,Illinois,2001,36091.66,2483.62,872.41,0.0930
17,Illinois,2002,35208.76,2532.11,856.67,0.0962
17,Illinois,2003,35599.25,2560.69,898.17,0.0972
17,Illinois,2004,37630.43,2775.65,936.30,0.0986
17,Illinois,2005,40213.60,2848.88,1099.87,0.0982
17,Illinois,2006,42956.29,3019.53,1229.61,0.0989
17,Illinois,2007,45539.33,3215.90,1269.77,0.0985
17,Illinois,2008,46339.99,3381.28,1323.94,0.1015
17,Illinois,2009,43667.45,3420.21,1201.13,0.1058
17,Illinois,2010,42697.37,3440.13,1122.26,0.1069
17,Illinois,2011,45090.02,3529.38,1186.01,0.1046
17,Illinois,2012,47655.55,4015.29,1219.85,0.1099
18,Indiana,1977,7123.66,393.82,222.48,0.0865
18,Indiana,1978,7860.75,427.04,241.36,0.0850
18,Indiana,1979,8735.76,468.74,252.27,0.0825
18,Indiana,1980,9282.46,461.57,266.51,0.0784
18,Indiana,1981,10160.14,500.92,293.33,0.0782
18,Indiana,1982,10657.09,547.29,316.12,0.0810
18,Indiana,1983,10852.77,570.72,322.32,0.0823
18,Indiana,1984,11945.25,722.20,355.76,0.0902
18,Indiana,1985,12935.67,770.33,383.48,0.0892
18,Indiana,1986,13606.79,803.55,397.92,0.0883
18,Indiana,1987,14400.34,857.32,417.85,0.0886
18,Indiana,1988,15354.60,966.63,441.63,0.0917
18,Indiana,1989,16729.30,1073.67,469.53,0.0922
18,Indiana,1990,17321.33,1101.28,486.63,0.0917
18,Indiana,1991,17893.67,1158.18,500.86,0.0927
18,Indiana,1992,18547.60,1233.38,523.32,0.0947
18,Indiana,1993,19545.67,1248.20,554.58,0.0922
18,Indiana,1994,20595.34,1335.56,574.46,0.0927
18,Indiana,1995,21732.76,1405.78,595.50,0.0921
18,Indiana,1996,22630.03,1435.89,598.68,0.0899
18,Indiana,1997,24100.24,1576.16,621.86,0.0912
18,Indiana,1998,25806.26,1549.04,647.09,0.0851
18,Indiana,1999,27512.50,1634.43,662.12,0.0835
18,Indiana,2000,28842.81,1694.27,684.25,0.0825
18,Indiana,2001,29361.19,1718.81,708.91,0.0827
18,Indiana,2002,28882.49,1748.99,706.59,0.0850
18,Indiana,2003,29425.20,1877.90,742.44,0.0891
18,Indiana,2004,30914.75,2001.26,762.68,0.0894
18,Indiana,2005,32561.83,2105.08,875.86,0.0915
18,Indiana,2006,34067.25,2168.50,948.20,0.0915
18,Indiana,2007,35357.45,2320.49,975.05,0.0932
18,Indiana,2008,35465.18,2464.48,1010.56,0.0980
18,Indiana,2009,33912.50,2459.38,920.55,0.0997
18,Indiana,2010,33647.62,2397.77,884.43,0.0975
18,Indiana,2011,35372.50,2413.70,948.84,0.0951
18,Indiana,2012,37580.46,2591.64,993.11,0.0954
19,Iowa,1977,7237.54,515.95,248.88,0.1057
19,Iowa,1978,8097.62,543.12,272.80,0.1008
19,Iowa,1979,9059.34,608.35,285.35,0.0986
19,Iowa,1980,9513.50,656.07,299.87,0.1005
19,Iowa,1981,10573.54,704.04,331.29,0.0979
19,Iowa,1982,11229.85,769.90,361.75,0.1008
19,Iowa,1983,11401.09,794.68,376.75,0.1027
19,Iowa,1984,12137.19,875.20,405.63,0.1055
19,Iowa,1985,13230.18,910.09,434.84,0.1017
19,Iowa,1986,13766.00,984.54,445.89,0.1039
19,Iowa,1987,14573.37,1073.82,466.50,0.1057
19,Iowa,1988,15338.29,1169.52,482.90,0.1077
19,Iowa,1989,16287.19,1244.31,498.10,0.1070
19,Iowa,1990,17242.36,1305.75,519.31,0.1058
19,Iowa,1991,17796.31,1355.05,540.86,0.1065
19,Iowa,1992,18489.92,1435.03,568.63,0.1084
19,Iowa,1993,19127.99,1535.54,586.43,0.1109
19,Iowa,1994,19987.60,1591.87,600.38,0.1097
19,Iowa,1995,21225.76,1689.90,622.70,0.1090
19,Iowa,1996,22746.66,1679.34,640.07,0.1020
19,Iowa,1997,24149.23,1730.35,670.26,0.0994
19,Iowa,1998,25587.03,1792.97,692.26,0.0971
19,Iowa,1999,26832.93,1803.24,696.21,0.0931
19,Iowa,2000,27976.57,1899.49,722.47,0.0937
19,Iowa,2001,28614.28,1930.38,753.46,0.0938
19,Iowa,2002,28559.58,1950.29,760.29,0.0949
19,Iowa,2003,29152.77,1963.35,798.45,0.0947
19,Iowa,2004,31339.48,2120.86,831.00,0.0942
19,Iowa,2005,33517.91,2176.70,964.36,0.0937
19,Iowa,2006,34960.13,2220.87,1043.86,0.0934
19,Iowa,2007,36840.23,2350.44,1083.95,0.0932
19,Iowa,2008,38863.26,2493.52,1160.57,0.0940
19,Iowa,2009,38154.99,2639.74,1089.37,0.0977
19,Iowa,2010,38134.23,2664.48,1062.83,0.0977
19,Iowa,2011,40645.18,2670.72,1125.44,0.0934
19,Iowa,2012,43877.59,2876.58,1160.85,0.0920
20,Kansas,1977,7294.16,449.82,260.06,0.0973
20,Kansas,1978,7998.03,495.86,280.95,0.0971
20,Kansas,1979,9003.46,548.73,298.32,0.0941
20,Kansas,1980,9916.10,576.69,324.01,0.0908
20,Kansas,1981,10931.11,627.33,358.46,0.0902
20,Kansas,1982,11900.42,655.57,397.71,0.0885
20,Kansas,1983,12277.83,719.95,417.62,0.0927
20,Kansas,1984,13132.38,787.96,450.02,0.0943
20,Kansas,1985,14252.76,852.67,488.29,0.0941
20,Kansas,1986,14912.99,878.56,506.77,0.0929
20,Kansas,1987,15693.81,973.92,531.53,0.0959
20,Kansas,1988,16425.11,1098.40,556.89,0.1008
20,Kansas,1989,17368.64,1123.19,577.97,0.0979
20,Kansas,1990,18030.81,1191.11,588.29,0.0987
20,Kansas,1991,18677.45,1244.63,614.05,0.0995
20,Kansas,1992,19529.56,1267.24,650.13,0.0982
20,Kansas,1993,20412.07,1389.44,681.44,0.1015
20,Kansas,1994,21426.81,1527.61,709.47,0.1044
20,Kansas,1995,22310.38,1570.32,731.09,0.1032
20,Kansas,1996,23352.91,1661.12,734.33,0.1026
20,Kansas,1997,25017.65,1734.64,778.15,0.1004
20,Kansas,1998,26865.56,1891.73,814.65,0.1007
20,Kansas,1999,28240.64,1867.45,828.72,0.0955
20,Kansas,2000,29503.47,1940.16,847.38,0.0945
20,Kansas,2001,30235.61,2003.70,875.41,0.0952
20,Kansas,2002,29925.75,2022.65,875.60,0.0968
20,Kansas,2003,30476.39,2147.12,914.55,0.1005
20,Kansas,2004,31993.20,2280.69,937.16,0.1006
20,Kansas,2005,33935.82,2192.15,1080.82,0.0964
20,Kansas,2006,36500.79,2357.61,1212.72,0.0978
20,Kansas,2007,38870.98,2526.82,1258.76,0.0974
20,Kansas,2008,40449.70,2621.60,1348.02,0.0981
20,Kansas,2009,39080.81,2637.28,1270.05,0.1000
20,Kansas,2010,38092.20,2600.53,1189.00,0.0995
20,Kansas,2011,40721.39,2579.10,1273.58,0.0946
20,Kansas,2012,43490.14,2807.66,1323.08,0.0950
21,Kentucky,1977,6030.03,408.56,184.90,0.0984
21,Kentucky,1978,6640.04,450.22,200.78,0.0980
21,Kentucky,1979,7421.43,497.20,210.94,0.0954
21,Kentucky,1980,8015.59,512.33,226.61,0.0922
21,Kentucky,1981,8756.04,545.07,247.26,0.0905
21,Kentucky,1982,9494.87,579.32,276.40,0.0901
21,Kentucky,1983,9641.33,617.48,284.19,0.0935
21,Kentucky,1984,10533.87,658.45,313.52,0.0923
21,Kentucky,1985,11394.89,727.89,339.16,0.0936
21,Kentucky,1986,11812.28,777.47,349.79,0.0954
21,Kentucky,1987,12276.28,866.75,363.62,0.1002
21,Kentucky,1988,13302.27,919.78,389.64,0.0984
21,Kentucky,1989,14504.98,1007.26,415.77,0.0981
21,Kentucky,1990,15193.77,1071.44,430.00,0.0988
21,Kentucky,1991,15814.86,1258.92,446.29,0.1078
21,Kentucky,1992,16648.18,1283.80,477.89,0.1058
21,Kentucky,1993,17319.60,1328.62,499.75,0.1056
21,Kentucky,1994,18031.24,1413.05,511.45,0.1067
21,Kentucky,1995,18936.68,1535.87,526.02,0.1089
21,Kentucky,1996,19844.37,1591.38,530.36,0.1069
21,Kentucky,1997,21102.95,1647.57,555.74,0.1044
21,Kentucky,1998,22436.93,1715.65,575.75,0.1021
21,Kentucky,1999,23750.46,1778.94,587.64,0.0996
21,Kentucky,2000,25066.69,1850.16,612.32,0.0982
21,Kentucky,2001,25956.22,1878.43,641.11,0.0971
21,Kentucky,2002,25831.16,1933.13,643.82,0.0998
21,Kentucky,2003,26182.61,1984.90,671.91,0.1015
21,Kentucky,2004,27536.63,2026.71,690.41,0.0987
21,Kentucky,2005,29530.80,2122.78,826.92,0.0999
21,Kentucky,2006,31070.90,2176.80,886.97,0.0986
21,Kentucky,2007,32274.79,2322.63,890.03,0.0995
21,Kentucky,2008,32693.00,2383.73,928.50,0.1013
21,Kentucky,2009,31509.11,2190.54,860.75,0.0968
21,Kentucky,2010,31586.68,2178.97,831.83,0.0953
21,Kentucky,2011,33068.82,2305.92,869.39,0.0960
21,Kentucky,2012,34782.48,2410.46,887.70,0.0948
22,Louisiana,1977,6124.12,301.04,181.96,0.0789
22,Louisiana,1978,6777.60,343.29,198.43,0.0799
22,Louisiana,1979,7656.13,390.81,211.56,0.0787
22,Louisiana,1980,8479.45,409.90,231.46,0.0756
22,Louisiana,1981,9687.29,420.29,264.47,0.0707
22,Louisiana,1982,10528.94,448.79,291.16,0.0703
22,Louisiana,1983,10668.51,452.73,296.20,0.0702
22,Louisiana,1984,11248.41,526.56,316.63,0.0750
22,Louisiana,1985,11973.87,649.98,338.19,0.0825
22,Louisiana,1986,12221.76,635.50,343.66,0.0801
22,Louisiana,1987,12184.04,644.59,341.71,0.0810
22,Louisiana,1988,12759.45,702.67,356.26,0.0830
22,Louisiana,1989,13736.40,747.27,377.65,0.0819
22,Louisiana,1990,14574.72,793.26,397.71,0.0817
22,Louisiana,1991,15372.80,843.66,417.35,0.0820
22,Louisiana,1992,16071.44,880.76,441.54,0.0823
22,Louisiana,1993,16748.81,913.81,464.78,0.0823
22,Louisiana,1994,17489.44,947.90,481.61,0.0817
22,Louisiana,1995,18465.23,1008.80,500.02,0.0817
22,Louisiana,1996,19468.13,1068.03,509.49,0.0810
22,Louisiana,1997,20713.85,1248.30,534.33,0.0861
22,Louisiana,1998,22041.60,1276.96,550.26,0.0829
22,Louisiana,1999,22789.66,1372.38,546.01,0.0842
22,Louisiana,2000,23728.33,1413.24,560.26,0.0832
22,Louisiana,2001,24697.77,1520.73,587.44,0.0854
22,Louisiana,2002,25046.24,1575.30,595.91,0.0867
22,Louisiana,2003,25469.67,1629.11,626.27,0.0886
22,Louisiana,2004,26708.82,1693.38,641.43,0.0874
22,Louisiana,2005,28816.94,1764.57,757.76,0.0875
22,Louisiana,2006,32364.09,1839.37,909.93,0.0849
22,Louisiana,2007,35342.35,2138.67,959.00,0.0876
22,Louisiana,2008,37573.05,2285.68,1032.27,0.0883
22,Louisiana,2009,36383.11,2121.19,984.22,0.0854
22,Louisiana,2010,35161.67,1919.03,923.21,0.0808
22,Louisiana,2011,37039.39,1930.26,966.84,0.0782
22,Louisiana,2012,38905.57,1953.10,996.84,0.0758
23,Maine,1977,6424.38,457.67,214.44,0.1046
23,Maine,1978,6913.25,526.12,227.72,0.1090
23,Maine,1979,7600.99,548.02,236.60,0.1032
23,Maine,1980,8379.30,604.78,257.10,0.1029
23,Maine,1981,9452.52,666.96,290.71,0.1013
23,Maine,1982,10041.40,729.16,316.12,0.1041
23,Maine,1983,10690.97,780.35,333.86,0.1042
23,Maine,1984,11595.48,880.85,362.56,0.1072
23,Maine,1985,12651.69,952.10,401.85,0.1070
23,Maine,1986,13549.07,1024.08,428.81,0.1072
23,Maine,1987,14791.25,1172.27,464.74,0.1107
23,Maine,1988,15869.15,1327.72,495.95,0.1149
23,Maine,1989,17329.52,1395.51,524.57,0.1108
23,Maine,1990,17738.81,1420.49,533.47,0.1102
23,Maine,1991,17865.18,1437.40,539.20,0.1106
23,Maine,1992,18365.32,1552.21,559.32,0.1150
23,Maine,1993,18996.44,1618.64,574.59,0.1155
23,Maine,1994,19706.00,1649.65,584.48,0.1134
23,Maine,1995,20698.98,1731.10,607.90,0.1130
23,Maine,1996,21753.08,1810.86,611.84,0.1114
23,Maine,1997,23306.53,1957.17,644.09,0.1116
23,Maine,1998,25055.95,2208.04,671.33,0.1149
23,Maine,1999,26716.78,2248.25,691.69,0.1100
23,Maine,2000,28556.04,2342.75,732.55,0.1077
23,Maine,2001,29327.77,2459.95,763.09,0.1099
23,Maine,2002,29159.03,2520.01,757.83,0.1124
23,Maine,2003,29970.79,2584.07,810.80,0.1133
23,Maine,2004,31836.66,2673.13,851.37,0.1107
23,Maine,2005,33229.16,2526.34,969.58,0.1052
23,Maine,2006,35053.96,2837.47,1055.78,0.1111
23,Maine,2007,36401.69,2810.54,1089.17,0.1071
23,Maine,2008,36714.78,2948.65,1141.06,0.1114
23,Maine,2009,35539.87,2816.10,1032.34,0.1083
23,Maine,2010,36065.14,2829.22,1022.35,0.1068
23,Maine,2011,37339.31,2788.31,1070.38,0.1033
23,Maine,2012,39062.17,2894.60,1101.93,0.1023
24,Maryland,1977,8421.33,680.94,292.72,0.1156
24,Maryland,1978,9186.27,753.16,313.90,0.1162
24,Maryland,1979,10152.86,812.69,328.08,0.1124
24,Maryland,1980,11101.29,866.52,352.62,0.1098
24,Maryland,1981,12369.80,924.15,391.46,0.1064
24,Maryland,1982,13313.83,995.87,428.13,0.1070
24,Maryland,1983,14161.52,1079.01,457.12,0.1085
24,Maryland,1984,15443.26,1200.69,498.52,0.1100
24,Maryland,1985,16923.35,1296.60,547.15,0.1089
24,Maryland,1986,18209.42,1397.18,578.29,0.1085
24,Maryland,1987,19451.47,1533.50,621.05,0.1108
24,Maryland,1988,20803.99,1687.69,658.80,0.1128
24,Maryland,1989,22426.89,1777.92,696.60,0.1103
24,Maryland,1990,23164.53,1877.09,711.39,0.1117
24,Maryland,1991,23686.39,1872.97,734.94,0.1101
24,Maryland,1992,24217.71,1910.97,766.87,0.1106
24,Maryland,1993,25122.55,2088.99,794.60,0.1148
24,Maryland,1994,25990.52,2175.43,820.80,0.1153
24,Maryland,1995,27194.34,2269.24,844.98,0.1145
24,Maryland,1996,28372.05,2310.73,842.37,0.1111
24,Maryland,1997,30127.09,2401.64,881.21,0.1090
24,Maryland,1998,32226.34,2567.66,917.44,0.1081
24,Maryland,1999,34504.67,2626.14,945.78,0.1035
24,Maryland,2000,37002.52,2859.29,1002.88,0.1044
24,Maryland,2001,38520.42,2974.75,1045.45,0.1044
24,Maryland,2002,38244.23,3045.82,1053.37,0.1072
24,Maryland,2003,39163.13,3083.59,1115.95,0.1072
24,Maryland,2004,42127.83,3300.72,1187.80,0.1065
24,Maryland,2005,45335.48,3355.41,1400.31,0.1049
24,Maryland,2006,48443.14,3630.74,1541.90,0.1068
24,Maryland,2007,51017.43,4060.79,1588.30,0.1107
24,Maryland,2008,51343.47,4094.99,1630.04,0.1115
24,Maryland,2009,49571.75,3847.55,1497.76,0.1078
24,Maryland,2010,49794.72,3872.64,1462.93,0.1072
24,Maryland,2011,51988.23,4121.30,1523.53,0.1086
24,Maryland,2012,54265.58,4387.04,1533.18,0.1091
25,Massachusetts,1977,7831.65,706.01,257.79,0.1231
25,Massachusetts,1978,8585.67,784.40,275.75,0.1235
25,Massachusetts,1979,9509.86,833.04,287.79,0.1179
25,Massachusetts,1980,10508.53,882.25,314.19,0.1139
25,Massachusetts,1981,11832.90,967.43,355.84,0.1118
25,Massachusetts,1982,12820.29,986.50,397.67,0.1080
25,Massachusetts,1983,13736.65,1045.11,429.32,0.1073
25,Massachusetts,1984,15155.30,1143.68,477.64,0.1070
25,Massachusetts,1985,16766.89,1264.42,527.96,0.1069
25,Massachusetts,1986,18049.85,1414.74,557.24,0.1093
25,Massachusetts,1987,19577.54,1531.50,605.84,0.1092
25,Massachusetts,1988,21269.31,1592.82,655.84,0.1057
25,Massachusetts,1989,22761.35,1697.65,685.04,0.1047
25,Massachusetts,1990,23043.84,1828.02,688.24,0.1092
25,Massachusetts,1991,23298.01,1936.28,704.93,0.1134
25,Massachusetts,1992,24000.93,1994.72,747.59,0.1143
25,Massachusetts,1993,25064.17,2061.03,781.34,0.1134
25,Massachusetts,1994,26248.34,2189.41,799.45,0.1139
25,Massachusetts,1995,27632.94,2294.41,825.59,0.1129
25,Massachusetts,1996,29544.35,2431.44,841.71,0.1108
25,Massachusetts,1997,31817.24,2550.67,892.89,0.1082
25,Massachusetts,1998,34315.34,2734.16,943.83,0.1072
25,Massachusetts,1999,37063.40,2798.92,986.10,0.1021
25,Massachusetts,2000,41495.67,3009.63,1095.27,0.0989
25,Massachusetts,2001,43435.71,3219.48,1158.97,0.1008
25,Massachusetts,2002,40924.37,2978.62,1090.29,0.0994
25,Massachusetts,2003,40925.01,3072.07,1125.33,0.1026
25,Massachusetts,2004,43751.16,3406.07,1189.22,0.1050
25,Massachusetts,2005,46999.37,3564.05,1412.58,0.1059
25,Massachusetts,2006,50612.92,3732.66,1611.65,0.1056
25,Massachusetts,2007,53566.48,3876.16,1669.92,0.1035
25,Massachusetts,2008,53626.72,4074.36,1699.07,0.1077
25,Massachusetts,2009,50339.02,3858.66,1513.96,0.1067
25,Massachusetts,2010,50757.81,3957.29,1488.73,0.1073
25,Massachusetts,2011,54115.49,4040.54,1596.68,0.1042
25,Massachusetts,2012,57179.53,4220.49,1651.29,0.1027
26,Michigan,1977,7773.50,605.69,223.51,0.1067
26,Michigan,1978,8679.67,656.02,244.60,0.1038
26,Michigan,1979,9616.89,721.74,255.15,0.1016
26,Michigan,1980,10160.16,749.31,267.86,0.1001
26,Michigan,1981,10989.04,787.17,290.80,0.0981
26,Michigan,1982,11488.50,844.68,317.25,0.1011
26,Michigan,1983,11890.05,925.25,326.22,0.1053
26,Michigan,1984,13126.40,1067.07,361.20,0.1088
26,Michigan,1985,14387.79,1155.71,396.76,0.1079
26,Michigan,1986,15505.88,1188.53,419.72,0.1037
26,Michigan,1987,16240.71,1235.38,438.91,0.1031
26,Michigan,1988,16916.65,1288.64,456.02,0.1031
26,Michigan,1989,18208.97,1368.30,481.36,0.1016
26,Michigan,1990,18946.57,1427.47,497.29,0.1016
26,Michigan,1991,19304.11,1471.78,508.09,0.1026
26,Michigan,1992,19911.80,1476.83,530.09,0.1008
26,Michigan,1993,20853.08,1620.98,557.67,0.1045
26,Michigan,1994,22259.35,1738.41,580.09,0.1042
26,Michigan,1995,23748.39,1807.27,611.96,0.1019
26,Michigan,1996,24833.53,1883.93,613.61,0.1006
26,Michigan,1997,26418.11,1999.04,641.10,0.0999
26,Michigan,1998,28193.33,2089.37,665.54,0.0977
26,Michigan,1999,29799.68,2191.59,675.01,0.0962
26,Michigan,2000,31621.29,2296.55,698.66,0.0947
26,Michigan,2001,31826.43,2311.44,705.99,0.0948
26,Michigan,2002,30869.96,2262.54,686.62,0.0955
26,Michigan,2003,31399.09,2352.85,729.18,0.0982
26,Michigan,2004,32871.98,2461.11,758.32,0.0979
26,Michigan,2005,34652.54,2506.14,883.17,0.0978
26,Michigan,2006,35707.80,2543.46,946.37,0.0977
26,Michigan,2007,36727.65,2616.65,943.48,0.0969
26,Michigan,2008,36870.60,2703.23,970.54,0.0996
26,Michigan,2009,35009.63,2716.52,873.80,0.1026
26,Michigan,2010,34649.33,2647.61,828.72,0.1003
26,Michigan,2011,36698.89,2616.92,893.47,0.0957
26,Michigan,2012,38636.25,2704.21,926.41,0.0940
27,Minnesota,1977,7429.47,606.24,232.82,0.1129
27,Minnesota,1978,8247.36,667.79,252.84,0.1116
27,Minnesota,1979,9171.65,735.09,263.46,0.1089
27,Minnesota,1980,9991.68,744.23,283.17,0.1028
27,Minnesota,1981,11054.12,788.36,313.95,0.0997
27,Minnesota,1982,11814.02,875.31,345.08,0.1033
27,Minnesota,1983,12269.42,1036.08,361.35,0.1139
27,Minnesota,1984,13457.76,1206.83,397.07,0.1192
27,Minnesota,1985,14833.09,1227.80,433.86,0.1120
27,Minnesota,1986,15596.67,1188.64,451.71,0.1052
27,Minnesota,1987,16607.00,1335.31,481.49,0.1094
27,Minnesota,1988,17497.86,1487.82,500.22,0.1136
27,Minnesota,1989,18669.53,1514.50,520.36,0.1090
27,Minnesota,1990,19707.80,1626.51,544.09,0.1101
27,Minnesota,1991,20237.62,1666.46,561.49,0.1101
27,Minnesota,1992,21114.61,1747.17,593.89,0.1109
27,Minnesota,1993,22065.49,1878.77,618.70,0.1132
27,Minnesota,1994,22837.09,1936.00,630.41,0.1124
27,Minnesota,1995,24342.84,2081.97,658.05,0.1126
27,Minnesota,1996,25977.15,2206.80,674.66,0.1109
27,Minnesota,1997,27745.85,2387.29,706.67,0.1115
27,Minnesota,1998,29895.17,2438.79,736.47,0.1062
27,Minnesota,1999,31931.19,2555.83,759.42,0.1038
27,Minnesota,2000,34007.82,2663.38,796.08,0.1017
27,Minnesota,2001,35142.58,2682.53,822.34,0.0997
27,Minnesota,2002,34396.25,2618.35,813.44,0.0998
27,Minnesota,2003,35283.10,2659.82,871.94,0.1001
27,Minnesota,2004,37424.13,2837.25,919.15,0.1004
27,Minnesota,2005,39735.90,3005.06,1070.42,0.1026
27,Minnesota,2006,41724.82,3269.96,1166.39,0.1063
27,Minnesota,2007,43679.31,3419.53,1180.78,0.1053
27,Minnesota,2008,44553.89,3578.74,1227.07,0.1079
27,Minnesota,2009,42423.59,3560.26,1117.86,0.1103
27,Minnesota,2010,42134.86,3609.27,1079.60,0.1113
27,Minnesota,2011,45121.42,3733.52,1167.14,0.1086
27,Minnesota,2012,47805.87,3979.93,1204.79,0.1085
28,Mississippi,1977,5300.84,346.93,163.02,0.0962
28,Mississippi,1978,5830.86,385.35,177.71,0.0966
28,Mississippi,1979,6477.16,414.55,187.40,0.0929
28,Mississippi,1980,7030.03,421.84,201.68,0.0887
28,Mississippi,1981,7778.86,452.95,224.17,0.0870
28,Mississippi,1982,8305.38,472.14,243.35,0.0861
28,Mississippi,1983,8423.07,487.66,246.08,0.0871
28,Mississippi,1984,9091.08,548.21,268.28,0.0898
28,Mississippi,1985,9692.73,582.72,291.76,0.0902
28,Mississippi,1986,10218.40,629.25,302.05,0.0911
28,Mississippi,1987,10598.64,647.46,309.38,0.0903
28,Mississippi,1988,11324.62,715.93,328.21,0.0922
28,Mississippi,1989,12301.79,772.29,351.14,0.0913
28,Mississippi,1990,12942.34,815.90,366.31,0.0913
28,Mississippi,1991,13440.41,839.95,378.36,0.0906
28,Mississippi,1992,14129.99,847.12,402.77,0.0885
28,Mississippi,1993,14938.10,991.90,426.25,0.0949
28,Mississippi,1994,15954.56,1083.58,447.81,0.0960
28,Mississippi,1995,16925.91,1150.45,466.06,0.0955
28,Mississippi,1996,17762.41,1217.29,468.87,0.0949
28,Mississippi,1997,18692.99,1245.01,491.26,0.0929
28,Mississippi,1998,19898.98,1301.21,508.18,0.0909
28,Mississippi,1999,20910.27,1402.18,520.05,0.0919
28,Mississippi,2000,21795.61,1427.95,533.62,0.0900
28,Mississippi,2001,22415.93,1451.81,558.24,0.0897
28,Mississippi,2002,22560.95,1458.55,567.65,0.0898
28,Mississippi,2003,23060.55,1497.29,596.09,0.0908
28,Mississippi,2004,24352.64,1551.43,608.40,0.0887
28,Mississippi,2005,26136.88,1544.86,709.92,0.0863
28,Mississippi,2006,28109.51,1692.87,815.40,0.0892
28,Mississippi,2007,29093.03,1802.30,845.49,0.0910
28,Mississippi,2008,30008.36,1851.19,886.90,0.0912
28,Mississippi,2009,29079.24,1856.15,839.95,0.0927
28,Mississippi,2010,29001.77,1828.51,810.11,0.0910
28,Mississippi,2011,30250.78,1797.28,830.36,0.0869
28,Mississippi,2012,31847.27,1909.66,832.46,0.0861
29,Missouri,1977,6992.42,422.06,236.16,0.0941
29,Missouri,1978,7739.43,456.54,255.92,0.0921
29,Missouri,1979,8595.28,507.26,267.72,0.0902
29,Missouri,1980,9272.72,536.29,286.63,0.0887
29,Missouri,1981,10193.26,556.96,316.77,0.0857
29,Missouri,1982,10950.44,599.78,348.87,0.0866
29,Missouri,1983,11469.50,671.91,369.66,0.0908
29,Missouri,1984,12519.55,730.89,405.99,0.0908
29,Missouri,1985,13575.50,798.54,438.04,0.0911
29,Missouri,1986,14441.94,848.11,455.88,0.0903
29,Missouri,1987,15167.43,917.65,477.51,0.0920
29,Missouri,1988,15950.92,1020.75,500.17,0.0954
29,Missouri,1989,17066.61,1085.49,520.46,0.0941
29,Missouri,1990,17692.86,1144.52,533.16,0.0948
29,Missouri,1991,18179.78,1174.88,553.07,0.0950
29,Missouri,1992,18982.66,1224.62,587.84,0.0955
29,Missouri,1993,19770.76,1285.02,623.23,0.0965
29,Missouri,1994,20668.04,1370.32,643.51,0.0974
29,Missouri,1995,21822.52,1554.33,655.51,0.1013
29,Missouri,1996,22883.13,1580.44,654.29,0.0977
29,Missouri,1997,24438.72,1689.96,684.97,0.0972
29,Missouri,1998,25954.80,1783.54,708.60,0.0960
29,Missouri,1999,27305.91,1873.30,715.89,0.0948
29,Missouri,2000,28696.01,1896.23,739.49,0.0918
29,Missouri,2001,29436.23,1976.71,765.43,0.0932
29,Missouri,2002,29114.24,1984.24,761.61,0.0943
29,Missouri,2003,29740.72,2004.23,806.14,0.0945
29,Missouri,2004,31419.86,2115.16,839.41,0.0940
29,Missouri,2005,33385.75,2187.09,968.02,0.0945
29,Missouri,2006,35099.09,2270.03,1062.76,0.0950
29,Missouri,2007,36550.32,2385.34,1090.21,0.0951
29,Missouri,2008,37458.28,2434.62,1157.00,0.0959
29,Missouri,2009,36218.99,2358.59,1077.97,0.0949
29,Missouri,2010,35442.62,2280.80,1022.56,0.0932
29,Missouri,2011,36824.41,2299.30,1070.24,0.0915
29,Missouri,2012,38825.01,2483.32,1108.06,0.0925
30,Montana,1977,6653.73,415.84,244.62,0.0993
30,Montana,1978,7421.50,447.97,268.29,0.0965
30,Montana,1979,8303.45,494.69,282.88,0.0936
30,Montana,1980,8873.37,501.63,298.39,0.0902
30,Montana,1981,9936.71,541.05,327.96,0.0875
30,Montana,1982,10515.93,577.45,351.62,0.0883
30,Montana,1983,11045.00,593.76,369.44,0.0872
30,Montana,1984,11361.26,667.21,388.65,0.0929
30,Montana,1985,11896.67,702.83,408.59,0.0934
30,Montana,1986,12292.26,709.93,416.12,0.0916
30,Montana,1987,12876.58,753.62,432.90,0.0921
30,Montana,1988,13291.61,867.44,442.71,0.0986
30,Montana,1989,14436.93,903.42,468.21,0.0950
30,Montana,1990,15419.25,993.89,492.98,0.0964
30,Montana,1991,16017.97,926.08,516.01,0.0900
30,Montana,1992,16972.23,1103.95,553.44,0.0977
30,Montana,1993,17714.16,1092.34,581.95,0.0945
30,Montana,1994,18406.29,1172.93,595.49,0.0961
30,Montana,1995,18970.01,1232.03,604.22,0.0968
30,Montana,1996,19550.80,1205.67,599.75,0.0923
30,Montana,1997,20612.61,1322.88,624.27,0.0945
30,Montana,1998,22080.87,1396.18,651.56,0.0927
30,Montana,1999,23442.66,1406.20,664.83,0.0883
30,Montana,2000,24384.43,1448.88,688.54,0.0877
30,Montana,2001,25325.59,1495.48,731.60,0.0879
30,Montana,2002,25260.72,1528.68,752.96,0.0903
30,Montana,2003,26182.93,1597.79,829.36,0.0927
30,Montana,2004,28303.03,1774.02,884.28,0.0939
30,Montana,2005,30341.48,1736.88,1025.60,0.0910
30,Montana,2006,32876.94,1954.02,1147.58,0.0943
30,Montana,2007,35030.66,2043.00,1179.93,0.0920
30,Montana,2008,35873.36,2084.05,1231.32,0.0924
30,Montana,2009,34266.61,2115.85,1139.52,0.0950
30,Montana,2010,34042.90,2029.16,1126.41,0.0927
30,Montana,2011,36025.50,2018.94,1195.62,0.0892
30,Montana,2012,38980.50,2172.35,1216.49,0.0869
31,Nebraska,1977,7068.74,540.87,243.79,0.1110
31,Nebraska,1978,7915.09,565.67,267.15,0.1052
31,Nebraska,1979,8846.72,619.59,278.84,0.1016
31,Nebraska,1980,9370.46,663.94,294.17,0.1022
31,Nebraska,1981,10352.33,661.07,327.23,0.0955
31,Nebraska,1982,11402.18,713.91,369.02,0.0950
31,Nebraska,1983,11753.64,789.47,388.05,0.1002
31,Nebraska,1984,12488.39,848.89,412.65,0.1010
31,Nebraska,1985,13804.61,868.72,448.06,0.0954
31,Nebraska,1986,14179.20,929.78,454.24,0.0976
31,Nebraska,1987,15009.65,1009.35,476.56,0.0990
31,Nebraska,1988,15874.00,1095.48,497.93,0.1004
31,Nebraska,1989,17074.23,1177.73,521.40,0.0995
31,Nebraska,1990,18007.50,1243.44,540.03,0.0990
31,Nebraska,1991,18798.03,1359.20,567.67,0.1025
31,Nebraska,1992,19491.18,1393.87,603.05,0.1025
31,Nebraska,1993,20155.06,1472.14,627.52,0.1042
31,Nebraska,1994,21036.19,1574.50,641.02,0.1053
31,Nebraska,1995,22204.94,1639.07,662.52,0.1037
31,Nebraska,1996,23974.66,1727.28,685.36,0.1006
31,Nebraska,1997,25237.21,1859.39,710.20,0.1018
31,Nebraska,1998,26796.78,1870.27,740.50,0.0974
31,Nebraska,1999,28487.58,1897.67,761.99,0.0934
31,Nebraska,2000,29941.45,2041.39,791.29,0.0946
31,Nebraska,2001,30640.63,2128.90,819.20,0.0962
31,Nebraska,2002,30271.56,2181.88,823.09,0.0993
31,Nebraska,2003,31456.74,2372.80,881.69,0.1035
31,Nebraska,2004,33494.73,2512.68,909.81,0.1022
31,Nebraska,2005,35325.53,2545.79,1044.75,0.1016
31,Nebraska,2006,36977.66,2625.90,1145.34,0.1020
31,Nebraska,2007,38938.94,2755.94,1174.47,0.1009
31,Nebraska,2008,40792.01,2769.30,1258.19,0.0987
31,Nebraska,2009,39146.93,2789.70,1170.70,0.1012
31,Nebraska,2010,39132.80,2770.85,1157.07,0.1004
31,Nebraska,2011,42198.33,2822.08,1236.89,0.0962
31,Nebraska,2012,45484.91,2930.17,1267.03,0.0923
32,Nevada,1977,8750.23,449.38,307.00,0.0864
32,Nevada,1978,9827.48,489.67,338.98,0.0843
32,Nevada,1979,11090.06,544.61,361.65,0.0817
32,Nevada,1980,11838.77,494.37,381.76,0.0740
32,Nevada,1981,12969.68,548.56,407.64,0.0737
32,Nevada,1982,13556.48,572.74,432.82,0.0742
32,Nevada,1983,13786.68,600.33,442.23,0.0756
32,Nevada,1984,14762.17,691.30,478.81,0.0793
32,Nevada,1985,15750.60,719.45,513.58,0.0783
32,Nevada,1986,16901.94,782.29,543.44,0.0784
32,Nevada,1987,17970.48,843.01,577.46,0.0790
32,Nevada,1988,19235.08,859.23,615.16,0.0767
32,Nevada,1989,20713.29,937.29,644.55,0.0764
32,Nevada,1990,21518.58,1030.60,659.50,0.0785
32,Nevada,1991,22194.91,1016.61,683.46,0.0766
32,Nevada,1992,23082.35,1073.29,729.58,0.0781
32,Nevada,1993,24454.65,1203.56,779.20,0.0811
32,Nevada,1994,25432.17,1240.60,809.24,0.0806
32,Nevada,1995,26611.92,1320.94,828.51,0.0808
32,Nevada,1996,28217.30,1368.96,838.92,0.0782
32,Nevada,1997,30026.64,1403.27,879.71,0.0760
32,Nevada,1998,31639.56,1396.46,912.15,0.0730
32,Nevada,1999,33503.35,1449.09,938.22,0.0713
32,Nevada,2000,35245.70,1536.70,969.79,0.0711
32,Nevada,2001,35541.43,1558.24,980.67,0.0714
32,Nevada,2002,34199.02,1623.97,998.14,0.0767
32,Nevada,2003,34914.13,1718.97,1095.52,0.0806
32,Nevada,2004,38690.68,1915.60,1216.80,0.0810
32,Nevada,2005,43457.92,1820.62,1521.40,0.0769
32,Nevada,2006,46033.33,1893.62,1652.41,0.0770
32,Nevada,2007,46871.85,2001.20,1580.67,0.0764
32,Nevada,2008,45108.36,2024.46,1526.97,0.0787
32,Nevada,2009,40027.63,2009.21,1290.16,0.0824
32,Nevada,2010,38455.37,2108.57,1219.81,0.0866
32,Nevada,2011,39653.15,1998.42,1272.63,0.0825
32,Nevada,2012,41296.58,2050.95,1297.97,0.0811
33,New Hampshire,1977,7199.60,348.03,305.13,0.0907
33,New Hampshire,1978,7993.41,370.13,333.35,0.0880
33,New Hampshire,1979,9001.08,394.93,353.25,0.0831
33,New Hampshire,1980,9999.82,417.54,385.35,0.0803
33,New Hampshire,1981,11289.34,448.21,433.72,0.0781
33,New Hampshire,1982,12380.19,518.03,481.24,0.0807
33,New Hampshire,1983,13263.76,548.33,516.21,0.0803
33,New Hampshire,1984,14750.45,622.54,575.23,0.0812
33,New Hampshire,1985,16126.96,645.44,637.67,0.0796
33,New Hampshire,1986,17626.33,704.74,693.17,0.0793
33,New Hampshire,1987,19102.42,779.46,754.98,0.0803
33,New Hampshire,1988,20588.81,814.82,798.74,0.0784
33,New Hampshire,1989,21761.59,899.33,829.50,0.0794
33,New Hampshire,1990,21754.42,952.60,839.77,0.0824
33,New Hampshire,1991,21760.54,1081.66,846.14,0.0886
33,New Hampshire,1992,22708.31,1349.40,873.97,0.0979
33,New Hampshire,1993,23570.17,1389.08,898.02,0.0970
33,New Hampshire,1994,24488.40,1322.87,924.33,0.0918
33,New Hampshire,1995,25803.15,1383.23,960.50,0.0908
33,New Hampshire,1996,27246.31,1384.21,991.78,0.0872
33,New Hampshire,1997,29376.86,1450.37,1057.06,0.0854
33,New Hampshire,1998,31750.80,1448.38,1119.89,0.0809
33,New Hampshire,1999,34177.56,1531.95,1152.65,0.0785
33,New Hampshire,2000,37204.69,1572.86,1249.02,0.0758
33,New Hampshire,2001,38402.16,1607.96,1304.61,0.0758
33,New Hampshire,2002,36847.94,1683.56,1199.57,0.0782
33,New Hampshire,2003,36993.24,1727.77,1228.95,0.0799
33,New Hampshire,2004,39333.35,1781.32,1306.79,0.0785
33,New Hampshire,2005,42177.01,1768.33,1516.06,0.0779
33,New Hampshire,2006,44467.94,1821.92,1656.46,0.0782
33,New Hampshire,2007,47052.54,1945.02,1727.94,0.0781
33,New Hampshire,2008,46894.58,1966.96,1798.18,0.0803
33,New Hampshire,2009,44569.98,2174.72,1607.84,0.0849
33,New Hampshire,2010,45105.83,2299.43,1582.54,0.0861
33,New Hampshire,2011,47689.21,2106.77,1710.24,0.0800
33,New Hampshire,2012,50287.79,2172.53,1788.86,0.0788
34,New Jersey,1977,8882.08,781.20,350.41,0.1274
34,New Jersey,1978,9737.73,817.64,372.67,0.1222
34,New Jersey,1979,10804.02,879.13,392.13,0.1177
34,New Jersey,1980,11914.56,929.75,431.32,0.1142
34,New Jersey,1981,13343.73,989.90,485.93,0.1106
34,New Jersey,1982,14402.09,1072.29,530.83,0.1113
34,New Jersey,1983,15250.01,1179.01,560.84,0.1141
34,New Jersey,1984,16753.85,1313.12,625.67,0.1157
34,New Jersey,1985,18198.84,1400.59,685.45,0.1146
34,New Jersey,1986,19545.02,1494.27,727.09,0.1137
34,New Jersey,1987,20970.90,1668.72,778.39,0.1167
34,New Jersey,1988,22804.45,1743.02,836.09,0.1131
34,New Jersey,1989,24500.67,1903.16,883.81,0.1138
34,New Jersey,1990,25386.60,1985.21,913.48,0.1142
34,New Jersey,1991,25887.35,2207.57,918.37,0.1208
34,New Jersey,1992,26722.30,2422.60,960.48,0.1266
34,New Jersey,1993,27830.89,2462.41,997.03,0.1243
34,New Jersey,1994,28676.77,2589.63,1010.93,0.1256
34,New Jersey,1995,30059.94,2650.95,1046.65,0.1230
34,New Jersey,1996,31850.31,2762.39,1049.00,0.1197
34,New Jersey,1997,33913.67,2733.46,1092.44,0.1128
34,New Jersey,1998,36470.48,2998.36,1150.19,0.1138
34,New Jersey,1999,38712.17,3131.94,1192.78,0.1117
34,New Jersey,2000,41441.31,3215.55,1281.88,0.1085
34,New Jersey,2001,43009.97,3381.60,1353.39,0.1101
34,New Jersey,2002,41885.69,3359.81,1326.95,0.1119
34,New Jersey,2003,42116.14,3465.35,1358.69,0.1145
34,New Jersey,2004,44665.71,3729.06,1444.59,0.1158
34,New Jersey,2005,47685.57,3922.49,1673.12,0.1173
34,New Jersey,2006,50734.48,4173.64,1846.35,0.1187
34,New Jersey,2007,54151.88,4601.19,1945.90,0.1209
34,New Jersey,2008,54887.71,4810.96,2044.58,0.1249
34,New Jersey,2009,52170.38,4771.53,1855.43,0.1270
34,New Jersey,2010,51999.39,4823.26,1790.04,0.1272
34,New Jersey,2011,54152.51,4686.23,1889.49,0.1214
34,New Jersey,2012,56731.04,4876.44,2050.03,0.1221
35,New Mexico,1977,6234.25,361.44,213.74,0.0923
35,New Mexico,1978,6923.57,431.05,232.27,0.0958
35,New Mexico,1979,7746.32,472.12,245.68,0.0927
35,New Mexico,1980,8427.35,477.85,263.05,0.0879
35,New Mexico,1981,9374.57,552.82,289.03,0.0898
35,New Mexico,1982,10166.48,526.26,320.94,0.0833
35,New Mexico,1983,10447.00,520.63,334.66,0.0819
35,New Mexico,1984,11248.98,645.84,359.37,0.0894
35,New Mexico,1985,12124.49,682.27,387.97,0.0883
35,New Mexico,1986,12723.18,702.08,401.87,0.0868
35,New Mexico,1987,13067.93,845.86,412.57,0.0963
35,New Mexico,1988,13708.14,980.17,429.65,0.1028
35,New Mexico,1989,14487.80,1056.05,442.81,0.1035
35,New Mexico,1990,15182.30,1124.16,456.25,0.1041
35,New Mexico,1991,15970.82,1168.16,480.74,0.1032
35,New Mexico,1992,16640.00,1217.32,507.78,0.1037
35,New Mexico,1993,17409.74,1282.46,530.85,0.1042
35,New Mexico,1994,18234.83,1370.87,546.50,0.1051
35,New Mexico,1995,19188.15,1409.28,565.10,0.1029
35,New Mexico,1996,20022.89,1488.27,567.97,0.1027
35,New Mexico,1997,20945.90,1566.66,587.67,0.1029
35,New Mexico,1998,22169.28,1663.81,600.52,0.1021
35,New Mexico,1999,23106.98,1683.70,603.48,0.0990
35,New Mexico,2000,24013.38,1741.41,611.89,0.0980
35,New Mexico,2001,25942.51,1753.86,669.23,0.0934
35,New Mexico,2002,26610.73,1786.60,696.00,0.0933
35,New Mexico,2003,26468.03,1772.44,702.40,0.0935
35,New Mexico,2004,27711.02,1632.39,726.21,0.0851
35,New Mexico,2005,29742.07,1636.16,874.22,0.0844
35,New Mexico,2006,31938.73,1980.73,984.92,0.0929
35,New Mexico,2007,33633.95,2203.91,997.42,0.0952
35,New Mexico,2008,34524.51,2272.65,1033.79,0.0958
35,New Mexico,2009,32929.27,2080.91,942.94,0.0918
35,New Mexico,2010,32582.30,1992.44,924.69,0.0895
35,New Mexico,2011,34446.55,2094.67,976.45,0.0892
35,New Mexico,2012,36051.21,2170.36,971.03,0.0871
36,New York,1977,8146.95,862.21,232.29,0.1343
36,New York,1978,8902.11,897.76,250.01,0.1289
36,New York,1979,9774.81,956.44,260.83,0.1245
36,New York,1980,10758.30,1054.77,282.88,0.1243
36,New York,1981,12036.27,1159.07,316.14,0.1226
36,New York,1982,13050.25,1250.77,347.51,0.1225
36,New York,1983,13847.27,1355.98,368.12,0.1245
36,New York,1984,15175.56,1523.51,409.16,0.1274
36,New York,1985,16615.13,1663.04,447.95,0.1271
36,New York,1986,17825.70,1806.42,469.86,0.1277
36,New York,1987,19111.67,1945.81,500.55,0.1280
36,New York,1988,20672.51,2078.17,537.17,0.1265
36,New York,1989,22358.99,2203.06,579.47,0.1244
36,New York,1990,23650.99,2364.80,604.07,0.1255
36,New York,1991,24124.85,2418.45,616.10,0.1258
36,New York,1992,24431.57,2540.51,636.54,0.1300
36,New York,1993,25419.26,2641.00,659.57,0.1298
36,New York,1994,26085.99,2760.81,668.74,0.1315
36,New York,1995,27114.29,2856.08,693.40,0.1309
36,New York,1996,28733.71,2911.63,705.00,0.1259
36,New York,1997,30719.37,3001.06,744.66,0.1219
36,New York,1998,32913.77,3136.39,781.26,0.1190
36,New York,1999,34835.28,3284.17,801.84,0.1173
36,New York,2000,37038.50,3441.02,846.77,0.1158
36,New York,2001,38350.90,3526.18,883.22,0.1150
36,New York,2002,37081.40,3520.91,848.83,0.1178
36,New York,2003,37009.02,3685.77,870.55,0.1231
36,New York,2004,39763.97,3978.17,949.25,0.1239
36,New York,2005,43326.34,4118.54,1162.88,0.1219
36,New York,2006,47006.57,4451.60,1310.24,0.1226
36,New York,2007,51282.88,4840.58,1386.17,0.1214
36,New York,2008,52106.10,5088.61,1457.33,0.1256
36,New York,2009,48544.09,4932.54,1286.72,0.1281
36,New York,2010,49326.48,5126.57,1268.68,0.1297
36,New York,2011,52060.33,5262.18,1353.89,0.1271
36,New York,2012,55047.07,5587.84,1405.58,0.1270
37,North Carolina,1977,6166.87,427.60,190.26,0.1002
37,North Carolina,1978,6768.81,460.92,205.96,0.0985
37,North Carolina,1979,7500.53,507.68,215.27,0.0964
37,North Carolina,1980,8107.83,551.82,230.86,0.0965
37,North Carolina,1981,9068.42,588.96,258.60,0.0935
37,North Carolina,1982,9764.09,646.90,284.78,0.0954
37,North Carolina,1983,10206.90,679.24,298.61,0.0958
37,North Carolina,1984,11381.81,767.40,336.62,0.0970
37,North Carolina,1985,12429.71,847.75,368.19,0.0978
37,North Carolina,1986,13330.36,908.35,389.93,0.0974
37,North Carolina,1987,14260.62,1023.43,415.35,0.1009
37,North Carolina,1988,15320.47,1103.84,443.93,0.1010
37,North Carolina,1989,16650.09,1161.09,476.98,0.0984
37,North Carolina,1990,17436.07,1263.52,491.85,0.1007
37,North Carolina,1991,17619.93,1273.87,497.39,0.1005
37,North Carolina,1992,18628.19,1396.57,529.63,0.1034
37,North Carolina,1993,19598.10,1486.33,561.71,0.1045
37,North Carolina,1994,20596.44,1591.75,580.52,0.1055
37,North Carolina,1995,21662.56,1657.42,598.88,0.1042
37,North Carolina,1996,22801.86,1684.89,602.23,0.1003
37,North Carolina,1997,24273.10,1778.42,633.38,0.0994
37,North Carolina,1998,25891.89,1910.79,656.53,0.0992
37,North Carolina,1999,27492.08,1987.88,673.31,0.0968
37,North Carolina,2000,28745.88,2054.55,689.51,0.0955
37,North Carolina,2001,29385.60,2115.57,703.19,0.0959
37,North Carolina,2002,28723.72,2131.68,691.94,0.0983
37,North Carolina,2003,28907.55,2147.89,724.78,0.0994
37,North Carolina,2004,30579.06,2296.51,766.33,0.1002
37,North Carolina,2005,32992.62,2416.90,924.12,0.1013
37,North Carolina,2006,34870.00,2600.28,1020.89,0.1038
37,North Carolina,2007,36331.22,2750.95,1030.33,0.1041
37,North Carolina,2008,36440.93,2839.56,1051.26,0.1068
37,North Carolina,2009,34550.41,2648.09,952.25,0.1042
37,North Carolina,2010,34558.64,2654.38,905.40,0.1030
37,North Carolina,2011,35754.72,2674.16,938.18,0.1010
37,North Carolina,2012,37522.78,2706.67,952.14,0.0975
38,North Dakota,1977,6399.79,533.75,228.01,0.1190
38,North Dakota,1978,7604.54,560.55,261.29,0.1081
38,North Dakota,1979,8586.70,551.18,276.48,0.0964
38,North Dakota,1980,8618.97,594.62,280.01,0.1015
38,North Dakota,1981,9147.81,607.11,308.47,0.1001
38,North Dakota,1982,10749.26,590.01,359.71,0.0884
38,North Dakota,1983,11317.15,605.79,383.52,0.0874
38,North Dakota,1984,11736.10,761.63,402.01,0.0992
38,North Dakota,1985,12408.53,755.60,424.78,0.0951
38,North Dakota,1986,12677.00,758.31,428.82,0.0936
38,North Dakota,1987,13234.26,825.32,441.10,0.0957
38,North Dakota,1988,13157.99,972.69,434.77,0.1070
38,North Dakota,1989,13687.06,1001.99,441.29,0.1054
38,North Dakota,1990,15126.74,1026.67,479.60,0.0996
38,North Dakota,1991,16098.98,1116.08,511.41,0.1011
38,North Dakota,1992,16815.77,1094.61,543.55,0.0974
38,North Dakota,1993,17643.74,1221.11,567.01,0.1013
38,North Dakota,1994,18553.32,1303.31,580.47,0.1015
38,North Dakota,1995,19271.72,1404.00,590.50,0.1035
38,North Dakota,1996,20530.57,1422.83,604.21,0.0987
38,North Dakota,1997,21489.18,1505.67,624.56,0.0991
38,North Dakota,1998,22789.03,1554.55,645.03,0.0965
38,North Dakota,1999,24117.99,1594.65,650.70,0.0931
38,North Dakota,2000,25450.93,1680.45,682.51,0.0928
38,North Dakota,2001,26446.53,1683.58,728.18,0.0912
38,North Dakota,2002,26079.89,1715.23,738.04,0.0941
38,North Dakota,2003,27525.67,1774.89,805.72,0.0938
38,North Dakota,2004,29682.76,1849.28,839.53,0.0906
38,North Dakota,2005,30919.24,1769.89,947.30,0.0879
38,North Dakota,2006,32979.89,2031.23,1046.18,0.0933
38,North Dakota,2007,35265.33,2304.21,1075.57,0.0958
38,North Dakota,2008,39092.63,2290.15,1235.20,0.0902
38,North Dakota,2009,39343.85,2615.37,1223.65,0.0976
38,North Dakota,2010,40723.16,2565.33,1239.71,0.0934
38,North Dakota,2011,45934.59,2848.32,1383.36,0.0921
38,North Dakota,2012,53953.44,3348.72,1518.21,0.0902
39,Ohio,1977,7413.04,446.50,224.67,0.0905
39,Ohio,1978,8217.21,495.60,242.83,0.0899
39,Ohio,1979,9105.39,542.71,252.63,0.0873
39,Ohio,1980,9847.47,581.27,270.21,0.0865
39,Ohio,1981,10742.06,630.75,296.90,0.0864
39,Ohio,1982,11356.61,701.47,320.38,0.0900
39,Ohio,1983,11716.22,824.43,328.67,0.0984
39,Ohio,1984,12890.91,933.48,365.95,0.1008
39,Ohio,1985,13964.84,996.65,394.77,0.0996
39,Ohio,1986,14808.09,1055.82,410.84,0.0990
39,Ohio,1987,15475.16,1113.47,429.22,0.0997
39,Ohio,1988,16334.48,1190.78,448.41,0.1004
39,Ohio,1989,17684.86,1283.16,475.46,0.0994
39,Ohio,1990,18442.94,1367.54,493.20,0.1009
39,Ohio,1991,18928.12,1405.92,507.88,0.1011
39,Ohio,1992,19628.20,1485.38,532.24,0.1028
39,Ohio,1993,20491.08,1559.55,556.50,0.1033
39,Ohio,1994,21464.63,1677.69,574.50,0.1049
39,Ohio,1995,22634.04,1824.68,589.48,0.1067
39,Ohio,1996,23651.14,1899.19,590.13,0.1053
39,Ohio,1997,25176.23,1960.29,618.06,0.1024
39,Ohio,1998,26926.29,2070.51,640.54,0.1007
39,Ohio,1999,28398.50,2171.60,648.67,0.0993
39,Ohio,2000,29790.11,2332.74,663.50,0.1006
39,Ohio,2001,30361.89,2367.22,677.32,0.1003
39,Ohio,2002,30075.37,2442.37,674.52,0.1036
39,Ohio,2003,30671.96,2483.97,712.41,0.1042
39,Ohio,2004,32054.77,2632.47,730.77,0.1049
39,Ohio,2005,34122.95,2885.68,852.99,0.1096
39,Ohio,2006,35572.93,2830.32,931.63,0.1058
39,Ohio,2007,37071.65,2914.64,947.71,0.1042
39,Ohio,2008,37194.10,2942.08,970.82,0.1052
39,Ohio,2009,35641.62,2690.48,884.86,0.1003
39,Ohio,2010,35505.71,2701.77,847.34,0.1000
39,Ohio,2011,37694.51,2823.72,907.36,0.0990
39,Ohio,2012,40110.60,2985.84,937.98,0.0978
40,Oklahoma,1977,6473.60,363.86,212.48,0.0890
40,Oklahoma,1978,7297.72,401.38,234.09,0.0871
40,Oklahoma,1979,8217.42,450.69,247.97,0.0850
40,Oklahoma,1980,9158.97,483.11,270.92,0.0823
40,Oklahoma,1981,10504.29,560.11,310.74,0.0829
40,Oklahoma,1982,11698.48,659.30,348.99,0.0862
40,Oklahoma,1983,11727.78,638.17,354.03,0.0846
40,Oklahoma,1984,12155.78,676.57,370.79,0.0862
40,Oklahoma,1985,13070.61,774.21,399.28,0.0898
40,Oklahoma,1986,13535.45,807.07,407.34,0.0897
40,Oklahoma,1987,13494.89,793.94,408.01,0.0891
40,Oklahoma,1988,14055.40,952.65,420.12,0.0977
40,Oklahoma,1989,15087.99,1011.55,441.28,0.0963
40,Oklahoma,1990,15847.92,1071.40,459.47,0.0966
40,Oklahoma,1991,16408.82,1155.13,479.49,0.0996
40,Oklahoma,1992,16871.80,1131.86,499.81,0.0967
40,Oklahoma,1993,17518.19,1234.52,519.91,0.1001
40,Oklahoma,1994,18154.21,1288.19,529.82,0.1001
40,Oklahoma,1995,18880.07,1377.24,543.91,0.1018
40,Oklahoma,1996,19644.44,1430.52,543.87,0.1005
40,Oklahoma,1997,20866.04,1516.70,566.74,0.0998
40,Oklahoma,1998,22250.55,1604.09,582.62,0.0983
40,Oklahoma,1999,23353.18,1694.64,589.51,0.0978
40,Oklahoma,2000,24791.10,1745.09,618.42,0.0953
40,Oklahoma,2001,26480.53,1819.27,665.17,0.0938
40,Oklahoma,2002,26741.61,1859.68,680.54,0.0950
40,Oklahoma,2003,27116.59,1811.07,714.60,0.0931
40,Oklahoma,2004,28791.97,1935.54,747.70,0.0932
40,Oklahoma,2005,31250.40,2008.00,900.87,0.0931
40,Oklahoma,2006,34286.66,2149.41,1032.44,0.0928
40,Oklahoma,2007,35785.71,2242.54,1056.15,0.0922
40,Oklahoma,2008,37467.77,2278.72,1118.32,0.0907
40,Oklahoma,2009,35890.56,2287.90,1032.60,0.0925
40,Oklahoma,2010,34233.93,2151.33,979.74,0.0915
40,Oklahoma,2011,37413.02,2195.50,1057.79,0.0870
40,Oklahoma,2012,40762.14,2420.17,1094.55,0.0862
41,Oregon,1977,7655.13,620.77,251.53,0.1139
41,Oregon,1978,8426.25,679.54,273.58,0.1131
41,Oregon,1979,9317.21,730.71,287.44,0.1093
41,Oregon,1980,10112.67,758.05,306.84,0.1053
41,Oregon,1981,10958.29,849.99,329.83,0.1077
41,Oregon,1982,11259.41,860.29,347.19,0.1072
41,Oregon,1983,11567.92,975.99,354.77,0.1150
41,Oregon,1984,12582.81,1049.74,390.04,0.1144
41,Oregon,1985,13459.85,1130.34,416.32,0.1149
41,Oregon,1986,14164.44,1127.90,431.83,0.1101
41,Oregon,1987,14931.21,1285.15,454.99,0.1165
41,Oregon,1988,15821.81,1256.67,476.63,0.1096
41,Oregon,1989,17230.28,1445.72,510.91,0.1136
41,Oregon,1990,18273.59,1527.88,538.19,0.1131
41,Oregon,1991,18915.75,1600.50,555.03,0.1140
41,Oregon,1992,19551.76,1672.82,584.14,0.1154
41,Oregon,1993,20481.43,1748.00,613.38,0.1153
41,Oregon,1994,21493.60,1820.43,639.40,0.1144
41,Oregon,1995,22693.30,1865.63,662.21,0.1114
41,Oregon,1996,24069.99,1858.29,675.09,0.1053
41,Oregon,1997,25795.44,2028.11,705.06,0.1060
41,Oregon,1998,27305.98,2034.08,722.23,0.1009
41,Oregon,1999,28517.98,2083.67,728.78,0.0986
41,Oregon,2000,30307.77,2257.07,758.22,0.0995
41,Oregon,2001,30940.76,2278.96,778.42,0.0988
41,Oregon,2002,29908.72,2137.79,767.67,0.0971
41,Oregon,2003,30365.87,2307.42,817.16,0.1029
41,Oregon,2004,32340.96,2474.30,863.99,0.1032
41,Oregon,2005,34253.34,2422.33,997.83,0.0998
41,Oregon,2006,36510.75,2689.30,1100.82,0.1038
41,Oregon,2007,38283.54,2775.80,1121.38,0.1018
41,Oregon,2008,38411.09,2692.65,1137.08,0.0997
41,Oregon,2009,36376.33,2733.98,1021.68,0.1032
41,Oregon,2010,35892.67,2866.05,963.96,0.1067
41,Oregon,2011,37423.51,2888.04,1012.07,0.1042
41,Oregon,2012,39578.36,3062.85,1032.01,0.1035
42,Pennsylvania,1977,7492.23,556.49,234.74,0.1056
42,Pennsylvania,1978,8237.53,618.11,252.23,0.1057
42,Pennsylvania,1979,9100.25,660.56,263.46,0.1015
42,Pennsylvania,1980,9926.96,714.19,285.31,0.1007
42,Pennsylvania,1981,10931.19,758.03,320.37,0.0987
42,Pennsylvania,1982,11742.07,821.83,352.12,0.1000
42,Pennsylvania,1983,12174.04,869.20,367.83,0.1016
42,Pennsylvania,1984,13365.91,960.97,403.71,0.1021
42,Pennsylvania,1985,13941.19,1032.87,432.30,0.1051
42,Pennsylvania,1986,15185.86,1094.33,460.55,0.1024
42,Pennsylvania,1987,15622.66,1168.62,477.47,0.1054
42,Pennsylvania,1988,17222.91,1230.96,516.74,0.1015
42,Pennsylvania,1989,18281.52,1316.55,541.05,0.1016
42,Pennsylvania,1990,19316.37,1395.29,565.88,0.1015
42,Pennsylvania,1991,19895.44,1422.47,587.01,0.1010
42,Pennsylvania,1992,20666.54,1615.34,612.28,0.1078
42,Pennsylvania,1993,21509.54,1682.49,636.92,0.1078
42,Pennsylvania,1994,22243.94,1749.75,651.39,0.1079
42,Pennsylvania,1995,23300.59,1839.67,667.21,0.1076
42,Pennsylvania,1996,24484.26,1894.33,672.93,0.1049
42,Pennsylvania,1997,26050.43,1992.28,701.62,0.1034
42,Pennsylvania,1998,27889.05,2102.14,728.77,0.1015
42,Pennsylvania,1999,29505.86,2193.28,743.84,0.0995
42,Pennsylvania,2000,31258.62,2280.40,775.99,0.0978
42,Pennsylvania,2001,32195.85,2357.04,806.62,0.0983
42,Pennsylvania,2002,31830.74,2394.19,804.33,0.1005
42,Pennsylvania,2003,32526.37,2517.80,851.18,0.1036
42,Pennsylvania,2004,34515.22,2725.46,889.31,0.1047
42,Pennsylvania,2005,36972.50,2834.38,1035.55,0.1047
42,Pennsylvania,2006,39129.87,2949.21,1142.16,0.1046
42,Pennsylvania,2007,41131.22,3142.42,1183.50,0.1052
42,Pennsylvania,2008,41741.52,3258.20,1232.60,0.1076
42,Pennsylvania,2009,40103.20,3036.49,1132.23,0.1039
42,Pennsylvania,2010,40312.21,3092.50,1099.00,0.1040
42,Pennsylvania,2011,42636.67,3227.94,1158.23,0.1029
42,Pennsylvania,2012,45046.00,3384.52,1204.16,0.1019
44,Rhode Island,1977,7193.29,568.97,266.70,0.1162
44,Rhode Island,1978,7823.32,610.50,287.09,0.1147
44,Rhode Island,1979,8659.27,691.28,300.50,0.1145
44,Rhode Island,1980,9605.37,719.67,330.26,0.1093
44,Rhode Island,1981,10825.43,799.44,373.86,0.1084
44,Rhode Island,1982,11615.76,891.91,408.11,0.1119
44,Rhode Island,1983,12326.60,964.66,432.47,0.1133
44,Rhode Island,1984,13455.65,1039.42,481.09,0.1130
44,Rhode Island,1985,14653.42,1085.43,526.87,0.1100
44,Rhode Island,1986,15658.93,1124.14,557.95,0.1074
44,Rhode Island,1987,16792.04,1258.70,600.60,0.1107
44,Rhode Island,1988,18105.45,1353.13,638.83,0.1100
44,Rhode Island,1989,19704.91,1397.66,685.72,0.1057
44,Rhode Island,1990,20353.92,1521.78,708.33,0.1096
44,Rhode Island,1991,20359.79,1599.99,709.31,0.1134
44,Rhode Island,1992,20766.48,1746.80,738.52,0.1197
44,Rhode Island,1993,21623.12,1800.83,767.80,0.1188
44,Rhode Island,1994,22377.95,1871.13,777.20,0.1183
44,Rhode Island,1995,23354.48,1976.77,798.89,0.1188
44,Rhode Island,1996,24492.99,2037.58,813.05,0.1164
44,Rhode Island,1997,25979.71,2186.93,853.38,0.1170
44,Rhode Island,1998,27877.01,2296.99,895.80,0.1145
44,Rhode Island,1999,29590.65,2359.10,907.84,0.1104
44,Rhode Island,2000,31698.30,2487.52,967.88,0.1090
44,Rhode Island,2001,33000.32,2675.16,1025.86,0.1122
44,Rhode Island,2002,32741.18,2649.72,994.68,0.1113
44,Rhode Island,2003,33946.83,2789.62,1058.93,0.1134
44,Rhode Island,2004,36332.84,3017.89,1123.89,0.1140
44,Rhode Island,2005,38298.63,2977.86,1284.86,0.1113
44,Rhode Island,2006,40195.03,3047.85,1413.70,0.1110
44,Rhode Island,2007,42589.33,3108.43,1481.44,0.1078
44,Rhode Island,2008,42786.34,3186.87,1541.31,0.1105
44,Rhode Island,2009,40997.76,3243.20,1384.48,0.1129
44,Rhode Island,2010,41706.19,3299.98,1365.34,0.1119
44,Rhode Island,2011,44154.28,3245.74,1471.17,0.1068
44,Rhode Island,2012,46359.05,3475.91,1521.60,0.1078
45,South Carolina,1977,5797.12,359.67,186.05,0.0941
45,South Carolina,1978,6351.35,406.28,199.92,0.0954
45,South Carolina,1979,7037.14,441.27,209.36,0.0925
45,South Carolina,1980,7711.88,482.48,226.03,0.0919
45,South Carolina,1981,8571.64,524.87,249.74,0.0904
45,South Carolina,1982,9146.93,569.00,272.48,0.0920
45,South Carolina,1983,9574.81,614.43,285.57,0.0940
45,South Carolina,1984,10629.09,684.34,320.50,0.0945
45,South Carolina,1985,11513.83,749.31,347.32,0.0952
45,South Carolina,1986,12291.36,794.73,367.43,0.0946
45,South Carolina,1987,12982.63,864.99,389.72,0.0966
45,South Carolina,1988,13923.94,939.85,416.34,0.0974
45,South Carolina,1989,15087.04,1010.84,442.47,0.0963
45,South Carolina,1990,15800.81,1090.98,460.83,0.0982
45,South Carolina,1991,16303.00,1083.76,475.26,0.0956
45,South Carolina,1992,16778.02,1082.80,498.61,0.0943
45,South Carolina,1993,17556.87,1160.92,521.99,0.0959
45,South Carolina,1994,18327.72,1200.78,540.08,0.0950
45,South Carolina,1995,19420.26,1284.06,560.32,0.0950
45,South Carolina,1996,20446.49,1335.27,564.21,0.0929
45,South Carolina,1997,21741.60,1400.61,589.70,0.0915
45,South Carolina,1998,23120.04,1488.83,613.99,0.0910
45,South Carolina,1999,24646.56,1586.44,639.34,0.0903
45,South Carolina,2000,25901.91,1657.13,662.58,0.0896
45,South Carolina,2001,26490.55,1694.31,678.19,0.0896
45,South Carolina,2002,26179.06,1651.46,680.60,0.0891
45,South Carolina,2003,26665.94,1716.52,712.01,0.0911
45,South Carolina,2004,28048.21,1803.51,738.80,0.0906
45,South Carolina,2005,30212.96,1829.74,873.10,0.0895
45,South Carolina,2006,32268.92,1883.74,980.73,0.0888
45,South Carolina,2007,33816.14,2081.74,1004.82,0.0913
45,South Carolina,2008,33782.23,2018.58,1017.12,0.0899
45,South Carolina,2009,32158.28,1946.12,913.91,0.0889
45,South Carolina,2010,31927.50,1891.06,871.51,0.0865
45,South Carolina,2011,33136.94,1884.94,902.04,0.0841
45,South Carolina,2012,34820.69,1998.87,936.94,0.0843
46,South Dakota,1977,6157.25,352.34,219.80,0.0929
46,South Dakota,1978,7172.37,381.84,248.81,0.0879
46,South Dakota,1979,8085.94,408.80,261.12,0.0828
46,South Dakota,1980,8448.04,437.64,273.51,0.0842
46,South Dakota,1981,9149.76,465.65,299.06,0.0836
46,South Dakota,1982,9965.06,499.63,332.53,0.0835
46,South Dakota,1983,10132.24,504.81,345.82,0.0840
46,South Dakota,1984,10945.81,531.79,376.64,0.0830
46,South Dakota,1985,11880.33,561.20,400.45,0.0809
46,South Dakota,1986,12217.93,621.07,408.06,0.0842
46,South Dakota,1987,12979.48,644.27,430.93,0.0828
46,South Dakota,1988,13657.98,710.68,445.83,0.0847
46,South Dakota,1989,14517.07,717.08,462.93,0.0813
46,South Dakota,1990,15732.89,766.93,493.36,0.0801
46,South Dakota,1991,16697.72,796.11,526.11,0.0792
46,South Dakota,1992,17546.09,826.03,560.97,0.0790
46,South Dakota,1993,18448.44,867.87,594.92,0.0793
46,South Dakota,1994,19490.22,936.66,618.13,0.0798
46,South Dakota,1995,20169.53,978.41,626.57,0.0796
46,South Dakota,1996,21616.53,1004.91,640.01,0.0761
46,South Dakota,1997,22879.18,1038.49,670.74,0.0747
46,South Dakota,1998,24462.00,1145.39,695.31,0.0752
46,South Dakota,1999,26217.38,1164.13,723.38,0.0720
46,South Dakota,2000,27896.70,1209.00,772.60,0.0710
46,South Dakota,2001,28658.04,1260.94,814.61,0.0724
46,South Dakota,2002,28315.27,1272.80,831.18,0.0743
46,South Dakota,2003,29687.09,1353.27,897.18,0.0758
46,South Dakota,2004,32478.52,1382.13,957.69,0.0720
46,South Dakota,2005,34496.13,1498.80,1104.64,0.0755
46,South Dakota,2006,35748.28,1444.77,1200.08,0.0740
46,South Dakota,2007,37740.72,1616.02,1230.45,0.0754
46,South Dakota,2008,40641.61,1670.86,1347.95,0.0743
46,South Dakota,2009,39278.12,1790.31,1268.78,0.0779
46,South Dakota,2010,39330.04,1800.69,1244.07,0.0774
46,South Dakota,2011,42964.11,1757.81,1350.37,0.0723
46,South Dakota,2012,46780.66,1910.79,1407.30,0.0709
47,Tennessee,1977,6159.67,318.87,193.12,0.0831
47,Tennessee,1978,6826.74,351.51,210.57,0.0823
47,Tennessee,1979,7624.10,374.74,221.49,0.0782
47,Tennessee,1980,8159.55,380.38,234.77,0.0754
47,Tennessee,1981,9039.65,414.05,259.16,0.0745
47,Tennessee,1982,9591.04,439.13,281.19,0.0751
47,Tennessee,1983,10058.80,468.33,295.08,0.0759
47,Tennessee,1984,11020.17,513.88,325.30,0.0761
47,Tennessee,1985,12056.60,586.38,355.71,0.0781
47,Tennessee,1986,12902.07,636.27,374.68,0.0784
47,Tennessee,1987,13832.82,690.72,401.95,0.0790
47,Tennessee,1988,14799.99,738.06,427.99,0.0788
47,Tennessee,1989,15896.26,779.21,452.07,0.0775
47,Tennessee,1990,16507.33,823.57,463.18,0.0779
47,Tennessee,1991,17059.61,833.23,482.34,0.0771
47,Tennessee,1992,17994.72,934.03,509.54,0.0802
47,Tennessee,1993,19133.89,1038.47,540.45,0.0825
47,Tennessee,1994,20018.57,1052.44,558.82,0.0805
47,Tennessee,1995,21142.24,1059.03,579.41,0.0775
47,Tennessee,1996,22226.45,1112.94,583.45,0.0763
47,Tennessee,1997,23522.58,1163.22,604.97,0.0752
47,Tennessee,1998,25349.84,1219.40,630.70,0.0730
47,Tennessee,1999,27208.06,1256.81,656.25,0.0703
47,Tennessee,2000,28260.69,1286.90,671.23,0.0693
47,Tennessee,2001,28907.37,1317.89,686.03,0.0693
47,Tennessee,2002,28582.72,1326.02,680.26,0.0702
47,Tennessee,2003,29158.34,1422.33,714.03,0.0733
47,Tennessee,2004,30958.07,1563.88,749.22,0.0747
47,Tennessee,2005,32882.51,1587.63,875.46,0.0749
47,Tennessee,2006,34457.48,1639.84,965.47,0.0756
47,Tennessee,2007,35680.53,1762.48,979.88,0.0769
47,Tennessee,2008,35757.66,1781.46,999.90,0.0778
47,Tennessee,2009,34074.13,1745.20,907.18,0.0778
47,Tennessee,2010,34242.23,1775.72,883.67,0.0777
47,Tennessee,2011,36043.39,1791.33,924.16,0.0753
47,Tennessee,2012,38178.36,1860.96,944.19,0.0735
48,Texas,1977,7100.68,365.15,210.33,0.0810
48,Texas,1978,7863.63,396.46,228.10,0.0794
48,Texas,1979,8891.66,423.28,242.37,0.0749
48,Texas,1980,9794.65,449.74,259.93,0.0725
48,Texas,1981,11102.30,493.30,288.92,0.0705
48,Texas,1982,12185.39,544.01,318.96,0.0708
48,Texas,1983,12365.95,558.30,325.95,0.0715
48,Texas,1984,13187.25,605.44,351.96,0.0726
48,Texas,1985,14275.86,711.02,381.88,0.0766
48,Texas,1986,14910.30,760.10,396.05,0.0775
48,Texas,1987,14967.20,798.37,400.16,0.0801
48,Texas,1988,15599.37,896.11,413.55,0.0840
48,Texas,1989,16713.52,959.88,433.43,0.0834
48,Texas,1990,17464.61,1016.95,443.75,0.0836
48,Texas,1991,18152.27,1082.06,456.24,0.0847
48,Texas,1992,18826.18,1140.19,476.51,0.0859
48,Texas,1993,19711.71,1197.76,496.86,0.0860
48,Texas,1994,20392.23,1278.21,505.97,0.0875
48,Texas,1995,21364.35,1320.78,522.49,0.0863
48,Texas,1996,22532.23,1349.19,523.22,0.0831
48,Texas,1997,24252.13,1394.11,549.21,0.0801
48,Texas,1998,26485.39,1455.58,580.89,0.0769
48,Texas,1999,28278.16,1530.73,597.30,0.0753
48,Texas,2000,29981.34,1580.60,623.00,0.0735
48,Texas,2001,31258.12,1675.76,644.21,0.0742
48,Texas,2002,30552.97,1740.05,626.91,0.0775
48,Texas,2003,30552.91,1762.33,658.78,0.0792
48,Texas,2004,32027.78,1863.95,684.90,0.0796
48,Texas,2005,34475.95,1870.22,830.73,0.0783
48,Texas,2006,37620.52,1958.87,955.50,0.0775
48,Texas,2007,39425.96,2154.18,964.74,0.0791
48,Texas,2008,41086.51,2159.51,1027.21,0.0776
48,Texas,2009,39351.07,2283.39,945.56,0.0821
48,Texas,2010,37720.38,2222.16,883.60,0.0823
48,Texas,2011,40770.46,2140.15,961.20,0.0761
48,Texas,2012,44080.98,2332.13,1008.06,0.0758
49,Utah,1977,6367.09,469.38,210.81,0.1068
49,Utah,1978,6998.58,520.98,228.44,0.1071
49,Utah,1979,7707.55,579.47,239.20,0.1062
49,Utah,1980,8315.44,620.19,253.48,0.1051
49,Utah,1981,9028.71,646.32,271.29,0.1016
49,Utah,1982,9667.84,697.73,297.36,0.1029
49,Utah,1983,9948.76,721.17,306.23,0.1033
49,Utah,1984,10796.09,842.19,334.90,0.1090
49,Utah,1985,11645.89,920.90,360.88,0.1101
49,Utah,1986,12267.75,942.37,375.05,0.1074
49,Utah,1987,12686.76,1016.99,389.00,0.1108
49,Utah,1988,13275.30,1092.30,406.59,0.1129
49,Utah,1989,14207.53,1090.30,422.83,0.1065
49,Utah,1990,14997.59,1171.89,442.70,0.1077
49,Utah,1991,15795.81,1203.24,468.53,0.1058
49,Utah,1992,16475.58,1285.71,494.93,0.1081
49,Utah,1993,17305.01,1370.40,519.37,0.1092
49,Utah,1994,18192.26,1438.65,541.71,0.1089
49,Utah,1995,19392.50,1526.01,573.06,0.1082
49,Utah,1996,20740.47,1580.69,594.34,0.1049
49,Utah,1997,22267.19,1677.81,629.98,0.1036
49,Utah,1998,23740.20,1835.58,645.17,0.1045
49,Utah,1999,25233.44,1924.76,658.56,0.1024
49,Utah,2000,26717.30,2037.96,690.06,0.1021
49,Utah,2001,27334.35,2070.52,712.89,0.1018
49,Utah,2002,27075.62,2045.62,722.48,0.1022
49,Utah,2003,27228.61,2051.22,768.01,0.1035
49,Utah,2004,28491.08,2142.32,793.74,0.1031
49,Utah,2005,30895.47,2227.12,960.86,0.1032
49,Utah,2006,33943.02,2412.78,1105.12,0.1036
49,Utah,2007,36307.44,2564.68,1138.31,0.1020
49,Utah,2008,36780.74,2607.66,1172.26,0.1028
49,Utah,2009,34380.51,2394.07,1042.26,0.0999
49,Utah,2010,33258.75,2301.40,962.02,0.0981
49,Utah,2011,34772.45,2368.42,1011.14,0.0972
49,Utah,2012,36988.84,2504.59,1051.14,0.0961
50,Vermont,1977,6497.66,536.83,238.00,0.1192
50,Vermont,1978,7155.51,551.54,256.95,0.1130
50,Vermont,1979,8045.90,596.28,272.51,0.1080
50,Vermont,1980,8800.49,603.61,294.98,0.1021
50,Vermont,1981,9882.61,659.21,329.75,0.1001
50,Vermont,1982,10688.54,749.27,359.51,0.1037
50,Vermont,1983,11236.75,782.10,380.39,0.1035
50,Vermont,1984,12144.39,887.34,420.64,0.1077
50,Vermont,1985,13301.20,949.80,465.52,0.1064
50,Vermont,1986,14311.46,1014.17,493.38,0.1053
50,Vermont,1987,15524.25,1194.66,531.58,0.1112
50,Vermont,1988,16627.63,1231.66,569.23,0.1083
50,Vermont,1989,18037.44,1239.79,608.98,0.1025
50,Vermont,1990,18588.11,1352.35,624.15,0.1063
50,Vermont,1991,18591.85,1413.88,626.46,0.1097
50,Vermont,1992,19308.78,1546.56,671.12,0.1149
50,Vermont,1993,20160.88,1599.65,696.49,0.1139
50,Vermont,1994,20913.68,1676.26,703.12,0.1138
50,Vermont,1995,21871.98,1631.60,730.54,0.1080
50,Vermont,1996,23027.27,1714.39,731.18,0.1062
50,Vermont,1997,24471.08,1836.93,762.66,0.1062
50,Vermont,1998,26397.43,1959.61,801.90,0.1046
50,Vermont,1999,28158.32,2020.18,828.88,0.1012
50,Vermont,2000,30227.48,2131.16,880.14,0.0996
50,Vermont,2001,31206.01,2260.97,917.17,0.1018
50,Vermont,2002,30887.80,2207.61,917.10,0.1012
50,Vermont,2003,31558.72,2276.23,971.34,0.1029
50,Vermont,2004,34001.81,2429.07,1046.40,0.1022
50,Vermont,2005,36788.22,2855.62,1208.20,0.1105
50,Vermont,2006,38929.43,3009.49,1317.18,0.1111
50,Vermont,2007,40865.49,3015.32,1375.05,0.1074
50,Vermont,2008,41276.73,3068.44,1439.99,0.1092
50,Vermont,2009,39440.53,2849.86,1317.27,0.1057
50,Vermont,2010,39324.65,2902.02,1266.32,0.1060
50,Vermont,2011,41607.98,3035.95,1343.91,0.1053
50,Vermont,2012,44336.70,3129.45,1427.89,0.1028
51,Virginia,1977,7345.97,502.74,264.11,0.1044
51,Virginia,1978,8127.03,562.41,287.18,0.1045
51,Virginia,1979,9056.78,606.19,301.26,0.1002
51,Virginia,1980,10008.44,653.65,325.12,0.0978
51,Virginia,1981,11316.27,719.11,358.63,0.0952
51,Virginia,1982,12000.17,777.96,385.06,0.0969
51,Virginia,1983,12792.10,847.47,405.87,0.0980
51,Virginia,1984,14064.24,938.57,449.38,0.0987
51,Virginia,1985,15331.31,1013.54,488.53,0.0980
51,Virginia,1986,16508.56,1092.19,517.38,0.0975
51,Virginia,1987,17562.59,1206.83,550.64,0.1001
51,Virginia,1988,18802.37,1319.26,585.55,0.1013
51,Virginia,1989,20234.63,1435.58,617.47,0.1015
51,Virginia,1990,20913.51,1478.78,629.21,0.1008
51,Virginia,1991,21442.25,1536.86,646.16,0.1018
51,Virginia,1992,22121.20,1573.75,683.36,0.1020
51,Virginia,1993,23077.72,1635.72,716.79,0.1019
51,Virginia,1994,23953.15,1721.47,741.03,0.1028
51,Virginia,1995,25071.69,1850.11,759.23,0.1041
51,Virginia,1996,26192.14,1877.95,754.98,0.1005
51,Virginia,1997,27851.25,1999.66,789.14,0.1001
51,Virginia,1998,29852.56,2142.50,816.30,0.0991
51,Virginia,1999,32123.37,2289.22,840.98,0.0974
51,Virginia,2000,34185.83,2426.18,880.07,0.0967
51,Virginia,2001,35395.78,2512.65,917.65,0.0969
51,Virginia,2002,34929.50,2491.23,925.93,0.0978
51,Virginia,2003,35934.54,2545.98,999.54,0.0987
51,Virginia,2004,38483.08,2721.10,1049.95,0.0980
51,Virginia,2005,41623.50,2852.43,1231.75,0.0981
51,Virginia,2006,44649.25,3020.84,1368.23,0.0983
51,Virginia,2007,46706.00,3312.27,1393.93,0.1008
51,Virginia,2008,46956.08,3324.19,1432.94,0.1013
51,Virginia,2009,44935.04,3152.26,1312.21,0.0994
51,Virginia,2010,44911.53,3115.95,1281.35,0.0979
51,Virginia,2011,47288.20,3128.82,1344.37,0.0946
51,Virginia,2012,49540.85,3258.34,1364.73,0.0933
53,Washington,1977,8089.96,533.25,268.18,0.0991
53,Washington,1978,8993.36,607.15,292.20,0.1000
53,Washington,1979,10133.84,654.39,309.68,0.0951
53,Washington,1980,11051.44,668.58,330.75,0.0904
53,Washington,1981,12156.88,683.46,359.29,0.0858
53,Washington,1982,12892.51,750.23,382.95,0.0879
53,Washington,1983,13410.93,853.85,396.90,0.0933
53,Washington,1984,14367.63,940.33,430.02,0.0954
53,Washington,1985,15179.84,963.79,457.56,0.0936
53,Washington,1986,16171.79,1063.20,477.07,0.0952
53,Washington,1987,17125.98,1136.71,506.17,0.0959
53,Washington,1988,18054.86,1199.19,524.86,0.0955
53,Washington,1989,19532.44,1285.70,559.10,0.0944
53,Washington,1990,20834.56,1424.83,590.06,0.0967
53,Washington,1991,21912.46,1524.45,619.32,0.0978
53,Washington,1992,22801.16,1583.49,653.62,0.0981
53,Washington,1993,23736.52,1673.06,677.51,0.0990
53,Washington,1994,24540.26,1800.29,691.70,0.1015
53,Washington,1995,25606.87,1933.13,709.36,0.1032
53,Washington,1996,27014.20,2004.67,716.38,0.1007
53,Washington,1997,29068.03,2071.38,759.38,0.0974
53,Washington,1998,31565.44,2121.45,800.24,0.0926
53,Washington,1999,34370.68,2192.62,843.35,0.0883
53,Washington,2000,37028.59,2263.44,892.17,0.0852
53,Washington,2001,36650.99,2307.00,885.80,0.0871
53,Washington,2002,35273.79,2356.81,863.49,0.0913
53,Washington,2003,35854.01,2400.73,929.93,0.0929
53,Washington,2004,38154.47,2648.52,982.62,0.0952
53,Washington,2005,41558.40,2681.03,1222.60,0.0939
53,Washington,2006,43977.49,2796.62,1327.58,0.0938
53,Washington,2007,47057.72,3076.02,1371.08,0.0945
53,Washington,2008,48107.16,3181.06,1418.84,0.0956
53,Washington,2009,44872.44,3056.67,1269.48,0.0964
53,Washington,2010,43602.24,3033.44,1183.89,0.0967
53,Washington,2011,45854.47,3137.75,1241.49,0.0955
53,Washington,2012,48999.45,3240.84,1300.64,0.0927
54,West Virginia,1977,6091.67,420.37,183.88,0.0992
54,West Virginia,1978,6617.32,455.05,198.80,0.0988
54,West Virginia,1979,7501.62,525.89,210.69,0.0982
54,West Virginia,1980,8091.75,553.78,224.91,0.0962
54,West Virginia,1981,8692.16,577.03,246.33,0.0947
54,West Virginia,1982,9494.42,658.94,274.50,0.0983
54,West Virginia,1983,9540.36,664.30,277.77,0.0987
54,West Virginia,1984,10204.20,763.82,300.81,0.1043
54,West Virginia,1985,10947.30,840.49,325.22,0.1065
54,West Virginia,1986,11307.95,857.71,332.87,0.1053
54,West Virginia,1987,11941.48,873.03,347.04,0.1022
54,West Virginia,1988,12389.90,753.76,361.47,0.0900
54,West Virginia,1989,13484.20,830.10,384.30,0.0901
54,West Virginia,1990,14265.36,967.35,403.10,0.0961
54,West Virginia,1991,14952.25,1033.81,423.12,0.0974
54,West Virginia,1992,15521.78,1054.01,442.90,0.0964
54,West Virginia,1993,16303.18,1101.47,464.53,0.0961
54,West Virginia,1994,16781.45,1156.51,473.84,0.0972
54,West Virginia,1995,17549.85,1219.41,487.94,0.0973
54,West Virginia,1996,18134.63,1247.74,487.43,0.0957
54,West Virginia,1997,19112.70,1318.54,510.55,0.0957
54,West Virginia,1998,20082.68,1378.90,522.51,0.0947
54,West Virginia,1999,21006.14,1517.12,525.30,0.0972
54,West Virginia,2000,22044.27,1568.48,544.72,0.0959
54,West Virginia,2001,22942.31,1618.07,574.29,0.0956
54,West Virginia,2002,23495.80,1682.97,584.92,0.0965
54,West Virginia,2003,24017.69,1728.61,621.01,0.0978
54,West Virginia,2004,25024.54,1833.43,630.53,0.0985
54,West Virginia,2005,26417.81,1793.93,732.56,0.0956
54,West Virginia,2006,27838.99,1894.45,810.07,0.0971
54,West Virginia,2007,28948.80,1996.46,825.51,0.0975
54,West Virginia,2008,29729.50,2121.10,868.06,0.1005
54,West Virginia,2009,30105.62,2222.25,848.73,0.1020
54,West Virginia,2010,30275.36,2258.37,861.67,0.1031
54,West Virginia,2011,32216.74,2344.48,906.02,0.1009
54,West Virginia,2012,34015.67,2454.87,875.80,0.0979
55,Wisconsin,1977,7441.79,725.14,235.88,0.1291
55,Wisconsin,1978,8262.70,805.02,255.53,0.1284
55,Wisconsin,1979,9188.00,842.72,266.96,0.1208
55,Wisconsin,1980,10028.26,869.94,286.98,0.1154
55,Wisconsin,1981,10944.66,947.49,315.21,0.1154
55,Wisconsin,1982,11590.95,1024.46,341.53,0.1178
55,Wisconsin,1983,11964.09,1132.29,353.00,0.1241
55,Wisconsin,1984,13009.43,1275.95,388.01,0.1279
55,Wisconsin,1985,14003.14,1313.37,417.93,0.1236
55,Wisconsin,1986,14791.57,1408.94,434.30,0.1246
55,Wisconsin,1987,15627.63,1434.90,457.13,0.1211
55,Wisconsin,1988,16486.32,1520.00,477.13,0.1211
55,Wisconsin,1989,17670.52,1614.13,499.67,0.1196
55,Wisconsin,1990,18461.89,1667.32,516.18,0.1183
55,Wisconsin,1991,19120.31,1788.18,534.13,0.1215
55,Wisconsin,1992,19966.60,1844.71,568.12,0.1208
55,Wisconsin,1993,21063.77,2004.05,599.67,0.1236
55,Wisconsin,1994,22134.32,2138.45,620.01,0.1246
55,Wisconsin,1995,23377.75,2222.66,641.14,0.1225
55,Wisconsin,1996,24503.06,2310.83,646.11,0.1207
55,Wisconsin,1997,26082.44,2377.86,678.81,0.1172
55,Wisconsin,1998,27970.34,2517.46,706.11,0.1152
55,Wisconsin,1999,29601.12,2608.04,721.74,0.1125
55,Wisconsin,2000,31187.89,2791.88,747.13,0.1135
55,Wisconsin,2001,32006.38,2677.07,769.20,0.1077
55,Wisconsin,2002,31867.90,2726.01,768.13,0.1096
55,Wisconsin,2003,32557.85,2813.26,809.97,0.1113
55,Wisconsin,2004,34278.94,2954.16,838.36,0.1106
55,Wisconsin,2005,36392.42,2996.72,974.38,0.1091
55,Wisconsin,2006,38279.56,3111.13,1072.69,0.1093
55,Wisconsin,2007,40003.81,3210.35,1090.72,0.1075
55,Wisconsin,2008,40325.72,3318.38,1122.50,0.1101
55,Wisconsin,2009,38996.89,3428.66,1033.96,0.1144
55,Wisconsin,2010,38809.77,3446.67,1005.81,0.1147
55,Wisconsin,2011,40758.40,3433.83,1094.80,0.1111
55,Wisconsin,2012,42990.35,3602.49,1131.73,0.1101
56,Wyoming,1977,7965.30,365.36,292.49,0.0826
56,Wyoming,1978,9154.69,409.24,325.13,0.0802
56,Wyoming,1979,10329.03,446.32,346.03,0.0767
56,Wyoming,1980,11367.26,470.63,372.09,0.0741
56,Wyoming,1981,12711.54,516.59,411.15,0.0730
56,Wyoming,1982,13491.00,579.61,445.55,0.0760
56,Wyoming,1983,12907.46,545.83,437.58,0.0762
56,Wyoming,1984,13193.19,549.83,455.17,0.0762
56,Wyoming,1985,14044.63,579.19,487.97,0.0760
56,Wyoming,1986,14808.98,593.55,501.97,0.0740
56,Wyoming,1987,14267.40,556.42,497.59,0.0739
56,Wyoming,1988,14725.12,529.36,520.53,0.0713
56,Wyoming,1989,16143.45,532.38,558.54,0.0676
56,Wyoming,1990,17696.91,564.01,609.54,0.0663
56,Wyoming,1991,18659.14,582.17,645.90,0.0658
56,Wyoming,1992,19396.66,624.58,690.35,0.0678
56,Wyoming,1993,20208.81,630.88,729.96,0.0673
56,Wyoming,1994,21091.32,712.95,756.15,0.0697
56,Wyoming,1995,21975.45,682.41,782.45,0.0667
56,Wyoming,1996,23018.28,777.46,788.14,0.0680
56,Wyoming,1997,25003.60,800.23,846.75,0.0659
56,Wyoming,1998,27500.88,870.14,917.81,0.0650
56,Wyoming,1999,29814.48,927.16,983.12,0.0641
56,Wyoming,2000,32398.77,1058.20,1069.60,0.0657
56,Wyoming,2001,33463.63,1003.36,1116.53,0.0633
56,Wyoming,2002,33156.76,1099.77,1126.33,0.0671
56,Wyoming,2003,33815.49,1097.10,1208.56,0.0682
56,Wyoming,2004,37069.37,1176.57,1321.32,0.0674
56,Wyoming,2005,41705.76,1307.26,1633.53,0.0705
56,Wyoming,2006,48031.36,1516.76,1960.91,0.0724
56,Wyoming,2007,52664.33,1762.08,2038.01,0.0722
56,Wyoming,2008,53467.64,1933.81,2057.83,0.0747
56,Wyoming,2009,48776.99,2153.11,1794.00,0.0809
56,Wyoming,2010,45913.23,2055.13,1702.13,0.0818
56,Wyoming,2011,50336.56,1794.83,1899.14,0.0734
56,Wyoming,2012,61707.54,2055.75,2350.99,0.0714
